<?xml version='1.0' encoding='UTF-8'?>
<odoo>
    <record id="stock_picking_batch.stock_add_to_wave_action_stock_picking" model="ir.actions.act_window">
        <field name="name">Select for GRN</field>
    </record>
    <record id="stock_picking_batch.action_picking_tree_wave" model="ir.actions.act_window">
        <field name="name">Weighing Scale/GRN Details</field>
<!--        <field name="res_model">stock.picking.batch</field>-->
<!--        <field name="context">{'search_default_draft': True, 'search_default_in_progress': True}</field>-->
<!--        <field name="domain">[('is_wave', '=', True)]</field>-->
<!--        <field name="search_view_id" ref="stock_picking_batch.stock_picking_batch_filter"/>-->
<!--        <field name="view_mode">tree,kanban,form</field>-->
<!--        <field name="help">-->
<!--            <![CDATA[-->
<!--                <p class="o_view_nocontent_smiling_face">-->
<!--                        Create a new wave transfer-->
<!--                </p>-->
<!--                <p>-->
<!--                        The goal of the wave transfer is to group operations from different-->
<!--                        transfer-->
<!--                        together in order to increase their efficiency.-->
<!--                        It may also be useful to assign jobs (one person = one batch) or-->
<!--                        help the timing management of operations (tasks to be done at 1pm).-->
<!--                </p>-->
<!--            ]]>-->
<!--        </field>-->
    </record>
    <record id="action_weighing_scale_grn_details" model="ir.actions.act_window">
        <field name="name">Weighing Scale/GRN Details</field>
        <field name="res_model">x_weighing_scale_grn_d</field>
        <field name="help">
            <![CDATA[
                <p class="o_view_nocontent_smiling_face">
                    This is your new action.
                </p>
                <p>By default, it contains a list and a form view and possibly
                    other view types depending on the options you chose for your model.
                </p>
                <p>
                    You can start customizing these screens by clicking on the Studio
                    icon on the top right corner (you can also customize this help message there).
                </p>
            ]]>
        </field>
    </record>
    <record id="action_weighing_scale_master" model="ir.actions.act_window">
        <field name="name">Weighing Scale Master</field>
        <field name="res_model">x_weighing_scale_maste</field>
        <field name="help">
            <![CDATA[
                <p class="o_view_nocontent_smiling_face">
                    This is your new action.
                </p>
                <p>By default, it contains a list and a form view and possibly
                    other view types depending on the options you chose for your model.
                </p>
                <p>
                    You can start customizing these screens by clicking on the Studio
                    icon on the top right corner (you can also customize this help message there).
                </p>
            ]]>
        </field>
    </record>
    <record id="action_x_quality_check_worksheet_template_1" model="ir.actions.act_window">
        <field name="name">Worksheets</field>
        <field name="res_model">x_quality_check_worksheet_template_1_studio</field>
        <field name="context">{'edit': False, 'create': False, 'delete': False, 'duplicate': False}</field>
        <field name="search_view_id" ref="x_quality_check_worksheet_template_1_studio_ir_ui_view_3"/>
    </record>
</odoo>
