<?xml version='1.0' encoding='UTF-8'?>
<odoo>
    <record id="access_weighing_scale_grn_details_group_user" model="ir.model.access">
        <field name="name">Weighing Scale/GRN Details group_user</field>
        <field name="model_id" ref="model_weighing_scale_grn_details"/>
        <field name="group_id" ref="base.group_user"/>
        <field name="perm_create" eval="True"/>
        <field name="perm_read" eval="True"/>
        <field name="perm_write" eval="True"/>
    </record>
    <record id="access_weighing_scale_grn_details_group_system" model="ir.model.access">
        <field name="name">Weighing Scale/GRN Details group_system</field>
        <field name="model_id" ref="model_weighing_scale_grn_details"/>
        <field name="group_id" ref="base.group_system"/>
        <field name="perm_create" eval="True"/>
        <field name="perm_read" eval="True"/>
        <field name="perm_write" eval="True"/>
        <field name="perm_unlink" eval="True"/>
    </record>
    <record id="access_weighing_scale_master_group_user" model="ir.model.access">
        <field name="name">Weighing Scale Master group_user</field>
        <field name="model_id" ref="model_weighing_scale_master"/>
        <field name="group_id" ref="base.group_user"/>
        <field name="perm_create" eval="True"/>
        <field name="perm_read" eval="True"/>
        <field name="perm_write" eval="True"/>
    </record>
    <record id="access_weighing_scale_master_group_system" model="ir.model.access">
        <field name="name">Weighing Scale Master group_system</field>
        <field name="model_id" ref="model_weighing_scale_master"/>
        <field name="group_id" ref="base.group_system"/>
        <field name="perm_create" eval="True"/>
        <field name="perm_read" eval="True"/>
        <field name="perm_write" eval="True"/>
        <field name="perm_unlink" eval="True"/>
    </record>
    <record id="ir_model_access_1211" model="ir.model.access">
        <field name="name">x_quality_check_worksheet_template_1_studio_manager_access</field>
        <field name="model_id" ref="model_worksheet_template_1"/>
        <field name="group_id" ref="quality.group_quality_manager"/>
        <field name="perm_create" eval="True"/>
        <field name="perm_read" eval="True"/>
        <field name="perm_write" eval="True"/>
        <field name="perm_unlink" eval="True"/>
    </record>
    <record id="ir_model_access_1212" model="ir.model.access">
        <field name="name">x_quality_check_worksheet_template_1_studio_user_access</field>
        <field name="model_id" ref="model_worksheet_template_1"/>
        <field name="group_id" ref="quality.group_quality_user"/>
        <field name="perm_create" eval="True"/>
        <field name="perm_read" eval="True"/>
        <field name="perm_write" eval="True"/>
        <field name="perm_unlink" eval="True"/>
    </record>
</odoo>
