<?xml version='1.0' encoding='UTF-8'?>
<odoo>
    <record id="model_weighing_scale_grn_details" model="ir.model">
        <field name="name">Weighing Scale/GRN Details</field>
        <field name="model">x_weighing_scale_grn_d</field>
        <field name="is_mail_thread" eval="True"/>
        <field name="is_mail_activity" eval="True"/>
    </record>
    <record id="model_weighing_scale_master" model="ir.model">
        <field name="name">Weighing Scale Master</field>
        <field name="model">x_weighing_scale_maste</field>
        <field name="is_mail_thread" eval="True"/>
        <field name="is_mail_activity" eval="True"/>
    </record>
    <record id="model_worksheet_template_1" model="ir.model">
        <field name="name">Inward checking</field>
        <field name="model">x_quality_check_worksheet_template_1_studio</field>
    </record>
</odoo>
