<?xml version='1.0' encoding='UTF-8'?>
<odoo>
    <record id="x_weighing_scale_master_fields_x_active" model="ir.model.fields">
        <field name="name">x_active</field>
        <field name="model_id" ref="model_weighing_scale_master"/>
        <field name="field_description">Active</field>
        <field name="tracking">1</field>
        <field name="ttype">boolean</field>
    </record>
    <record id="x_weighing_scale_grn_d_field_x_active" model="ir.model.fields">
        <field name="name">x_active</field>
        <field name="model_id" ref="model_weighing_scale_grn_details"/>
        <field name="field_description">Active</field>
        <field name="tracking">1</field>
        <field name="ttype">boolean</field>
    </record>
    <record id="x_weighing_scale_master_description_weighing" model="ir.model.fields">
        <field name="name">x_name</field>
        <field name="model_id" ref="model_weighing_scale_master"/>
        <field name="field_description">Description</field>
        <field name="tracking">1</field>
        <field name="ttype">char</field>
        <field name="required" eval="True"/>
        <field name="translate" eval="True"/>
    </record>
    <record id="x_weighing_scale_grn_details_description_weighing" model="ir.model.fields">
        <field name="name">x_name</field>
        <field name="model_id" ref="model_weighing_scale_grn_details"/>
        <field name="field_description">Description</field>
        <field name="tracking">1</field>
        <field name="ttype">char</field>
        <field name="required" eval="True"/>
        <field name="translate" eval="True"/>
    </record>
    <record id="new_checkbox_contact_x_is_broker" model="ir.model.fields">
        <field name="name">x_is_broker</field>
        <field name="model_id" ref="base.model_res_partner"/>
        <field name="field_description">Is Broker?</field>
        <field name="ttype">boolean</field>
    </record>
    <record id="new_decimal_batch_x_gross_weight" model="ir.model.fields">
        <field name="name">x_gross_weight</field>
        <field name="model_id" ref="stock_picking_batch.model_stock_picking_batch"/>
        <field name="field_description">Gross Weight</field>
        <field name="ttype">float</field>
    </record>
    <record id="new_decimal_batch_x_weight" model="ir.model.fields">
        <field name="name">x_weight</field>
        <field name="model_id" ref="stock_picking_batch.model_stock_picking_batch"/>
        <field name="field_description">Tare Weight</field>
        <field name="ttype">float</field>
    </record>
    <record id="new_decimal_batch_x_net_weight" model="ir.model.fields">
        <field name="name">x_net_weight</field>
        <field name="model_id" ref="stock_picking_batch.model_stock_picking_batch"/>
        <field name="field_description">Net Weight</field>
        <field name="ttype">float</field>
        <field name="compute">for record in self:record['x_net_weight'] = record.x_gross_weight-record.x_weight</field>
        <field name="depends">x_gross_weight,x_weight</field>
        <field name="readonly" eval="True"/>
    </record>
    <record id="new_decimal_inward_x_admixture" model="ir.model.fields">
        <field name="name">x_admixture</field>
        <field name="model_id" ref="model_worksheet_template_1"/>
        <field name="field_description">Admixture(%)</field>
        <field name="ttype">float</field>
    </record>
    <record id="new_decimal_inward_x_split_broken" model="ir.model.fields">
        <field name="name">x_split_broken</field>
        <field name="model_id" ref="model_worksheet_template_1"/>
        <field name="field_description">Split Broken(%)</field>
        <field name="ttype">float</field>
    </record>
    <record id="new_decimal_inward_x_moisture_" model="ir.model.fields">
        <field name="name">x_moisture_</field>
        <field name="model_id" ref="model_worksheet_template_1"/>
        <field name="field_description">Moisture (%)</field>
        <field name="ttype">float</field>
    </record>
    <record id="new_decimal_inward_c_x_moisture" model="ir.model.fields">
        <field name="name">x_moisture</field>
        <field name="model_id" ref="model_worksheet_template_1"/>
        <field name="field_description">Moisture(%)</field>
        <field name="ttype">float</field>
    </record>
    <record id="new_decimal_inward_c_x_damage" model="ir.model.fields">
        <field name="name">x_damage</field>
        <field name="model_id" ref="model_worksheet_template_1"/>
        <field name="field_description">Damage(%)</field>
        <field name="ttype">float</field>
    </record>
    <record id="new_decimal_weighing_x_weight" model="ir.model.fields">
        <field name="name">x_weight</field>
        <field name="model_id" ref="model_weighing_scale_grn_details"/>
        <field name="field_description">Tare Weight</field>
        <field name="ttype">float</field>
    </record>
    <record id="new_decimal_weighing_x_gross_weight" model="ir.model.fields">
        <field name="name">x_gross_weight</field>
        <field name="model_id" ref="model_weighing_scale_grn_details"/>
        <field name="field_description">Gross Weight</field>
        <field name="ttype">float</field>
    </record>
    <record id="new_decimal_weighing_x_net_weight_1" model="ir.model.fields">
        <field name="name">x_net_weight_1</field>
        <field name="model_id" ref="model_weighing_scale_grn_details"/>
        <field name="field_description">Net Weight</field>
        <field name="ttype">float</field>
        <field name="compute">for record in self:record['x_net_weight_1'] = record.x_gross_weight-record.x_weight</field>
        <field name="depends">x_gross_weight,x_weight</field>
        <field name="readonly" eval="True"/>
    </record>
    <record id="new_integer_lot_seri_x_number_of_bags" model="ir.model.fields">
        <field name="name">x_number_of_bags</field>
        <field name="model_id" ref="stock.model_stock_lot"/>
        <field name="field_description">Number Of Bag</field>
        <field name="ttype">integer</field>
    </record>
    <record id="new_integer_product_x_number_of_bags" model="ir.model.fields">
        <field name="name">x_number_of_bags</field>
        <field name="model_id" ref="stock.model_stock_move_line"/>
        <field name="field_description">Number of Bags</field>
        <field name="ttype">integer</field>
    </record>
    <record id="new_integer_weighing_x_weighing_receipt_no" model="ir.model.fields">
        <field name="name">x_weighing_receipt_no</field>
        <field name="model_id" ref="model_weighing_scale_grn_details"/>
        <field name="field_description">Weighing Receipt No.</field>
        <field name="ttype">integer</field>
    </record>
    <record id="new_many2one_batch_t_x_weighing_scale" model="ir.model.fields">
        <field name="name">x_weighing_scale</field>
        <field name="model_id" ref="stock_picking_batch.model_stock_picking_batch"/>
        <field name="field_description">Weighing Scale</field>
        <field name="ttype">many2one</field>
        <field name="relation">x_weighing_scale_maste</field>
    </record>
    <record id="new_many2one_purchase_x_broker" model="ir.model.fields">
        <field name="name">x_broker</field>
        <field name="model_id" ref="purchase.model_purchase_order"/>
        <field name="field_description">Broker</field>
        <field name="ttype">many2one</field>
        <field name="relation">res.partner</field>
    </record>
    <record id="new_many2one_weighing_x_warehouse" model="ir.model.fields">
        <field name="name">x_warehouse</field>
        <field name="model_id" ref="model_weighing_scale_master"/>
        <field name="field_description">Warehouse</field>
        <field name="ttype">many2one</field>
        <field name="relation">stock.warehouse</field>
    </record>
    <record id="new_many2one_weighin_x_weighing_bridge" model="ir.model.fields">
        <field name="name">x_weighing_bridge</field>
        <field name="model_id" ref="model_weighing_scale_grn_details"/>
        <field name="field_description">Weighing Bridge</field>
        <field name="ttype">many2one</field>
        <field name="relation">x_weighing_scale_maste</field>
    </record>

<!--    Remove if not used-->
    <record id="new_related_field_pu_x_broker_1" model="ir.model.fields">
        <field name="name">x_broker_1</field>
        <field name="model_id" ref="purchase.model_purchase_order"/>
        <field name="field_description">Broker </field>
        <field name="ttype">many2one</field>
        <field name="relation">res.partner</field>
        <field name="related">x_broker</field>
    </record>
<!--    <record id="new_signature_weighi_x_binary_field_9bh_1h7fon2cr" model="ir.model.fields">-->
<!--        <field name="name">x_binary_field_9bh_1h7fon2cr</field>-->
<!--        <field name="model_id" ref="model_weighing_scale_grn_details"/>-->
<!--        <field name="field_description">New Signature</field>-->
<!--        <field name="ttype">binary</field>-->
<!--    </record>-->
<!--    <record id="new_signature_weighi_x_binary_field_2v9_1h7fqn99b" model="ir.model.fields">-->
<!--        <field name="name">x_binary_field_2v9_1h7fqn99b</field>-->
<!--        <field name="model_id" ref="model_weighing_scale_grn_details"/>-->
<!--        <field name="field_description">New Signature </field>-->
<!--        <field name="ttype">binary</field>-->
<!--    </record>-->
    <record id="new_text_batch_trans_x_weighing_receipt_number" model="ir.model.fields">
        <field name="name">x_weighing_receipt_number</field>
        <field name="model_id" ref="stock_picking_batch.model_stock_picking_batch"/>
        <field name="field_description">Weighing Receipt Number.</field>
        <field name="ttype">char</field>
    </record>
    <record id="new_text_batch_trans_x_driver_name" model="ir.model.fields">
        <field name="name">x_driver_name</field>
        <field name="model_id" ref="stock_picking_batch.model_stock_picking_batch"/>
        <field name="field_description">Driver Name.</field>
        <field name="ttype">char</field>
    </record>
    <record id="new_text_batch_trans_x_truck_no" model="ir.model.fields">
        <field name="name">x_truck_no</field>
        <field name="model_id" ref="stock_picking_batch.model_stock_picking_batch"/>
        <field name="field_description">Truck No.</field>
        <field name="ttype">char</field>
    </record>
<!--    <record id="new_text_weighing_x_char_field_957_1h7fp35mg" model="ir.model.fields">-->
<!--        <field name="name">x_char_field_957_1h7fp35mg</field>-->
<!--        <field name="model_id" ref="model_weighing_scale_grn_details"/>-->
<!--        <field name="field_description">Truck No:</field>-->
<!--        <field name="ttype">char</field>-->
<!--    </record>-->
    <record id="new_text_weighing_x_truck_no" model="ir.model.fields">
        <field name="name">x_truck_no</field>
        <field name="model_id" ref="model_weighing_scale_grn_details"/>
        <field name="field_description">Truck No.</field>
        <field name="ttype">char</field>
    </record>
<!--    <record id="new_text_weighing_sc_x_char_field_7sa_1h7fp4aoe" model="ir.model.fields">-->
<!--        <field name="name">x_char_field_7sa_1h7fp4aoe</field>-->
<!--        <field name="model_id" ref="model_weighing_scale_grn_details"/>-->
<!--        <field name="field_description">New Text</field>-->
<!--        <field name="ttype">char</field>-->
<!--    </record>-->
    <record id="new_text_weighing_sc_x_driver_name" model="ir.model.fields">
        <field name="name">x_driver_name</field>
        <field name="model_id" ref="model_weighing_scale_grn_details"/>
        <field name="field_description">Driver Name</field>
        <field name="ttype">char</field>
    </record>
<!--    <record id="pipeline_status_bar_x_selection_field_22u_1h7fovskt" model="ir.model.fields">-->
<!--        <field name="name">x_selection_field_22u_1h7fovskt</field>-->
<!--        <field name="model_id" ref="model_weighing_scale_grn_details"/>-->
<!--        <field name="field_description">Pipeline status bar</field>-->
<!--        <field name="ttype">selection</field>-->
<!--        <field name="selection">[('status1', 'First Status')]</field>-->
<!--    </record>-->
    <record id="pipeline_status_bar_x_selection_field_9ns_1h7foveaj" model="ir.model.fields">
        <field name="name">x_selection_field_9ns_1h7foveaj</field>
        <field name="model_id" ref="model_weighing_scale_grn_details"/>
        <field name="field_description">Pipeline status bar</field>
        <field name="ttype">selection</field>
        <field name="selection">[('status1', 'First Status'), ('status2', 'Second Status')]</field>
    </record>
    <record id="sequence_weighing_x_sequence" model="ir.model.fields">
        <field name="name">x_sequence</field>
        <field name="model_id" ref="model_weighing_scale_grn_details"/>
        <field name="field_description">Sequence</field>
        <field name="ttype">integer</field>
    </record>
    <record id="sequence_weighing_sc_x_sequence" model="ir.model.fields">
        <field name="name">x_sequence</field>
        <field name="model_id" ref="model_weighing_scale_master"/>
        <field name="field_description">Sequence</field>
        <field name="ttype">integer</field>
    </record>
    <record id="ir_model_fields_13141" model="ir.model.fields">
        <field name="name">x_quality_check_id</field>
        <field name="model_id" ref="model_worksheet_template_1"/>
        <field name="field_description">Quality Check</field>
        <field name="ttype">many2one</field>
        <field name="required" eval="True"/>
        <field name="on_delete">cascade</field>
        <field name="relation">quality.check</field>
    </record>
    <record id="ir_model_fields_13142" model="ir.model.fields">
        <field name="name">x_comments</field>
        <field name="model_id" ref="model_worksheet_template_1"/>
        <field name="field_description">Comments</field>
        <field name="ttype">html</field>
    </record>
    <record id="ir_model_fields_13143" model="ir.model.fields">
        <field name="name">x_passed</field>
        <field name="model_id" ref="model_worksheet_template_1"/>
        <field name="field_description">Passed</field>
        <field name="ttype">boolean</field>
    </record>
    <record id="ir_model_fields_13144" model="ir.model.fields">
        <field name="name">x_name</field>
        <field name="model_id" ref="model_worksheet_template_1"/>
        <field name="field_description">Name</field>
        <field name="ttype">char</field>
        <field name="related">x_quality_check_id.name</field>
    </record>
</odoo>
