<?xml version='1.0' encoding='UTF-8'?>
<odoo noupdate="1">
    <record id="ir_rule_312" model="ir.rule">
        <field name="name">x_quality_check_worksheet_template_1_studio_own</field>
        <field name="model_id" ref="model_worksheet_template_1"/>
        <field name="domain_force"><![CDATA[[('create_uid', '=', user.id)]]]></field>
        <field name="groups" eval="[(6, 0, [ref('quality.group_quality_user')])]"/>
    </record>
    <record id="ir_rule_313" model="ir.rule">
        <field name="name">x_quality_check_worksheet_template_1_studio_all</field>
        <field name="model_id" ref="model_worksheet_template_1"/>
        <field name="domain_force"><![CDATA[[(1, '=', 1)]]]></field>
        <field name="groups" eval="[(6, 0, [ref('quality.group_quality_manager')])]"/>
    </record>
</odoo>
