<?xml version='1.0' encoding='UTF-8'?>
<odoo>
    <record id="report_custom_x_quality_check_worksheet_template_1_studio" model="ir.ui.view">
        <field name="name">x_quality_check_worksheet_template_1_studio</field>
        <field name="key">gen_key.500ba5</field>
        <field name="type">qweb</field>
        <field name="arch" type="xml">
            <t t-name="x_quality_check_worksheet_template_1_studio">
                <div>
                    <div class="row" style="page-break-inside: avoid">
                        <div class="col-6" style="page-break-inside: avoid">
                            <div class="row mb-3" style="page-break-inside: avoid">
                                <div t-att-class="('col-5' if report_type == 'pdf' else 'col-lg-5 col-12') + ' font-weight-bold'">Moisture(%)</div>
                                <div help="8% to 8.5% Maximum." string="Moisture(%)" t-att-class="'col-7' if report_type == 'pdf' else 'col-lg-7 col-12'" t-field="worksheet.x_moisture"/>
                            </div>
                            <div class="row mb-3" style="page-break-inside: avoid">
                                <div t-att-class="('col-5' if report_type == 'pdf' else 'col-lg-5 col-12') + ' font-weight-bold'">Split Broken(%)</div>
                                <div string="Split Broken(%)" help="0.5% Maximum" t-att-class="'col-7' if report_type == 'pdf' else 'col-lg-7 col-12'" t-field="worksheet.x_split_broken"/>
                            </div>
                        </div>
                        <div class="col-6" style="page-break-inside: avoid">
                            <div class="row mb-3" style="page-break-inside: avoid">
                                <div t-att-class="('col-5' if report_type == 'pdf' else 'col-lg-5 col-12') + ' font-weight-bold'">Admixture(%)</div>
                                <div string="Admixture(%)" t-att-class="'col-7' if report_type == 'pdf' else 'col-lg-7 col-12'" t-field="worksheet.x_admixture"/>
                            </div>
                            <div class="row mb-3" style="page-break-inside: avoid">
                                <div t-att-class="('col-5' if report_type == 'pdf' else 'col-lg-5 col-12') + ' font-weight-bold'">Damage(%)</div>
                                <div string="Damage(%)" help="0.5% Maximum" t-att-class="'col-7' if report_type == 'pdf' else 'col-lg-7 col-12'" t-field="worksheet.x_damage"/>
                            </div>
                        </div>
                    </div>
                </div>
            </t>
        </field>
    </record>

    <record id="x_weighing_scale_maste_form_view" model="ir.ui.view">
        <field name="name">Default form view for x_weighing_scale_maste</field>
        <field name="model">x_weighing_scale_maste</field>
        <field name="type">form</field>
        <field name="arch" type="xml">
            <form>
                <sheet string="Weighing Scale Master">
                    <widget name="web_ribbon" text="Archived" bg_color="text-bg-danger" invisible="x_active == True"/>
                    <field name="x_active" invisible="1"/>
                    <div class="oe_title">
                        <h1>
                            <field name="x_name" required="1" placeholder="Name..."/>
                        </h1>
                    </div>
                    <group name="group_weighing_scale"/>
                </sheet>
                <div class="oe_chatter" name="oe_chatter">
                    <field name="message_follower_ids"/>
                    <field name="message_ids"/>
                    <field name="activity_ids"/>
                </div>
            </form>
        </field>
    </record>
    <record id="x_weighing_scale_maste_form_view_inherit" model="ir.ui.view">
        <field name="name">Default form view for x_weighing_scale_maste customization</field>
        <field name="mode">extension</field>
        <field name="model">x_weighing_scale_maste</field>
        <field name="inherit_id" ref="x_weighing_scale_maste_form_view"/>
        <field name="priority">99</field>
        <field name="type">form</field>
        <field name="arch" type="xml">
            <data>
                <xpath expr="//group[@name='group_weighing_scale']" position="replace">
                    <group>
                        <group>
                            <field name="x_warehouse" options="{'no_create': True}"/>
                            <xpath expr="//field[@name='x_name']" position="move"/>
                        </group>
                    </group>
                </xpath>
                <xpath expr="//field[@name='x_name']" position="attributes">
                    <attribute name="placeholder"/>
                    <attribute name="required"/>
                </xpath>
            </data>
        </field>
    </record>

    <record id="x_weighing_scale_grn_details_form_view" model="ir.ui.view">
        <field name="name">Default form view for x_weighing_scale_grn_d</field>
        <field name="model">x_weighing_scale_grn_d</field>
        <field name="type">form</field>
        <field name="arch" type="xml">
            <form>
                <header/>
                <sheet string="Weighing Scale/GRN Details">
                    <widget name="web_ribbon" text="Archived" bg_color="text-bg-danger" invisible="x_active == True"/>
                    <field name="x_active" invisible="1"/>
                    <div class="oe_title">
                        <h1>
                            <field name="x_name" required="1" placeholder="Name..."/>
                        </h1>
                    </div>
                    <group name="group_weighing_scale_grn"/>
                </sheet>
                <div class="oe_chatter" name="oe_chatter">
                    <field name="message_follower_ids"/>
                    <field name="message_ids"/>
                    <field name="activity_ids"/>
                </div>
            </form>
        </field>
    </record>
    <record id="x_weighing_scale_grn_details_form_view_inherit" model="ir.ui.view">
        <field name="name">Default form view for x_weighing_scale_grn_d customization</field>
        <field name="mode">extension</field>
        <field name="model">x_weighing_scale_grn_d</field>
        <field name="inherit_id" ref="x_weighing_scale_grn_details_form_view"/>
        <field name="priority">99</field>
        <field name="type">form</field>
        <field name="arch" type="xml">
            <data>
                <xpath expr="//group[@name='group_weighing_scale_grn']" position="replace">
                    <group>
                        <group>
                            <field name="x_truck_no"/>
                            <field name="x_driver_name"/>
                            <field name="x_gross_weight"/>
                            <field name="x_weight"/>
                            <field name="x_net_weight_1"/>
                        </group>
                        <group>
                            <field name="x_weighing_bridge" options="{'no_create': True}"/>
                            <field name="x_weighing_receipt_no"/>
                        </group>
                    </group>
                </xpath>
                <xpath expr="//field[@name='x_name']" position="replace"/>
            </data>
        </field>
    </record>


    <record id="x_weighing_scale_grn_details_list_view" model="ir.ui.view">
        <field name="name">Default list view for x_weighing_scale_grn_d</field>
        <field name="model">x_weighing_scale_grn_d</field>
        <field name="type">tree</field>
        <field name="arch" type="xml">
            <tree>
                <field name="x_sequence" widget="handle"/>
                <field name="x_name"/>
            </tree>
        </field>
    </record>
    <record id="x_weighing_scale_maste_list_view" model="ir.ui.view">
        <field name="name">Default list view for x_weighing_scale_maste</field>
        <field name="model">x_weighing_scale_maste</field>
        <field name="type">tree</field>
        <field name="arch" type="xml">
            <tree>
                <field name="x_sequence" widget="handle"/>
                <field name="x_name"/>
                <field name="x_warehouse" optional="show"/>
            </tree>
        </field>
    </record>
<!--    <record id="odoo_studio_default__1a41f70c-cc95-4569-a9fe-51d9b47feb32" model="ir.ui.view">-->
<!--        <field name="name">Odoo Studio: Default list view for x_weighing_scale_maste customization</field>-->
<!--        <field name="mode">extension</field>-->
<!--        <field name="model">x_weighing_scale_maste</field>-->
<!--        <field name="inherit_id" ref="x_weighing_scale_maste_list_view"/>-->
<!--        <field name="priority">99</field>-->
<!--        <field name="type">tree</field>-->
<!--        <field name="arch" type="xml">-->
<!--            <data>-->
<!--                <xpath expr="//field[@name='x_name']" position="after">-->
<!--                    <field name="x_warehouse" optional="show"/>-->
<!--                </xpath>-->
<!--            </data>-->
<!--        </field>-->
<!--    </record>-->

    <record id="x_weighing_scale_grn_details_search_view" model="ir.ui.view">
        <field name="name">Default search view for x_weighing_scale_grn_d</field>
        <field name="model">x_weighing_scale_grn_d</field>
        <field name="type">search</field>
        <field name="arch" type="xml">
            <search>
                <field name="x_name"/>
                <separator/>
                <filter string="Archived" name="archived_x_weighing_scale_grn_d" domain="[['x_active', '=', False]]"/>
                <separator/>
            </search>
        </field>
    </record>
    <record id="x_weighing_scale_maste_search_view" model="ir.ui.view">
        <field name="name">Default search view for x_weighing_scale_maste</field>
        <field name="model">x_weighing_scale_maste</field>
        <field name="type">search</field>
        <field name="arch" type="xml">
            <search>
                <field name="x_name"/>
                <separator/>
                <filter string="Archived" name="archived_x_weighing_scale_maste" domain="[['x_active', '=', False]]"/>
                <separator/>
            </search>
        </field>
    </record>

    <!-- TODO: check this view is really required -->
    <record id="product_template_form_customization_commodity_trading" model="ir.ui.view">
        <field name="name">product.template.product.form.customization.commodity.trading</field>
        <field name="mode">extension</field>
        <field name="model">product.template</field>
        <field name="inherit_id" ref="product.product_template_only_form_view"/>
        <field name="priority">160</field>
        <field name="type">form</field>
        <field name="arch" type="xml">
            <data>
                <!-- TODO: Need to shorter xpath -->
                <xpath expr="/form[1]/sheet[1]/notebook[1]/page[5]/group[2]/field[1]" position="inside">
                    <tree string="Product Packagings" name="packaging" editable="bottom">
                        <field name="sequence" widget="handle"/>
                        <field name="name"/>
                        <field name="package_type_id" groups="stock.group_tracking_lot"/>
                        <field name="route_ids" groups="stock.group_adv_location" optional="hide" widget="many2many_tags"/>
                        <field name="qty"/>
                        <field name="product_uom_id" options="{'no_open': True, 'no_create': True}" groups="uom.group_uom"/>
                        <field name="purchase" optional="show"/>
                        <field name="sales" optional="show"/>
                        <field name="barcode" optional="hide"/>
                        <field name="company_id" groups="base.group_multi_company" optional="hide"/>
                    </tree>
                    <form string="Product Packaging">
                        <sheet>
                            <label for="name"/>
                            <h1>
                                <field name="name"/>
                            </h1>
                            <group>
                                <field name="id" invisible="1"/>
                                <field name="company_id" invisible="1"/>
                                <group name="group_product">
                                    <field name="product_id" readonly="id == False"/>
                                    <field name="sales"/>
                                    <field name="purchase"/>
                                </group>
                                <group name="qty">
                                    <field name="package_type_id" groups="stock.group_tracking_lot"/>
                                    <label for="qty" string="Contained quantity"/>
                                    <div class="o_row">
                                        <field name="qty"/>
                                        <field name="product_uom_id" options="{'no_open': True, 'no_create': True}" groups="uom.group_uom"/>
                                    </div>
                                    <field name="barcode"/>
                                    <field name="company_id" groups="base.group_multi_company"/>
                                </group>
                                <group name="logistic">
                                    <field name="route_ids" groups="stock.group_adv_location" widget="many2many_tags"/>
                                </group>
                            </group>
                        </sheet>
                    </form>
                </xpath>
            </data>
        </field>
    </record>


    <record id="purchase_order_list_view_customization" model="ir.ui.view">
        <field name="name">purchase.order.view.tree.customization.commodity.trading</field>
        <field name="mode">extension</field>
        <field name="model">purchase.order</field>
        <field name="inherit_id" ref="purchase.purchase_order_view_tree"/>
        <field name="priority">160</field>
        <field name="type">tree</field>
        <field name="arch" type="xml">
            <data>
                <xpath expr="//field[@name='user_id']" position="after">
                    <field name="x_broker" optional="show"/>
                </xpath>
            </data>
        </field>
    </record>
    <record id="purchase_order_kpis_list_view_customization" model="ir.ui.view">
        <field name="name">purchase.order.view.kpis.tree.customization.commodity.trading</field>
        <field name="mode">extension</field>
        <field name="model">purchase.order</field>
        <field name="inherit_id" ref="purchase.purchase_order_kpis_tree"/>
        <field name="priority">99</field>
        <field name="type">tree</field>
        <field name="arch" type="xml">
            <data>
                <xpath expr="//field[@name='user_id']" position="after">
                    <field name="x_broker" optional="show"/>
                </xpath>
            </data>
        </field>
    </record>

    <record id="purchase_order_form_view_customization" model="ir.ui.view">
        <field name="name">purchase.order.form.customization.commodity.trading</field>
        <field name="mode">extension</field>
        <field name="model">purchase.order</field>
        <field name="inherit_id" ref="purchase.purchase_order_form"/>
        <field name="priority">160</field>
        <field name="type">form</field>
        <field name="arch" type="xml">
            <data>
                <xpath expr="//div[@name='reminder']" position="after">
                    <field name="x_broker" options="{'no_create': True,'no_quick_create': True}" domain="[('x_is_broker', '=', True)]"/>
                </xpath>
            </data>
        </field>
    </record>
    <record id="view_purchase_order_filter_inherit_commodity_trading" model="ir.ui.view">
        <field name="name">view.purchase.order.filter.customization.commodity.trading</field>
        <field name="mode">extension</field>
        <field name="model">purchase.order</field>
        <field name="inherit_id" ref="purchase.view_purchase_order_filter"/>
        <field name="priority">99</field>
        <field name="type">search</field>
        <field name="arch" type="xml">
            <data>
                <xpath expr="//field[@name='user_id']" position="after">
                    <field name="x_broker"/>
                </xpath>
                <xpath expr="//filter[@name='vendor']" position="after">
                    <filter name="group_x_broker" context="{'group_by': 'x_broker'}"/>
                </xpath>
            </data>
        </field>
    </record>

    <record id="view_partner_form_inherit_commodity_trading" model="ir.ui.view">
        <field name="name">res.partner.form.customization.commodity.trading</field>
        <field name="mode">extension</field>
        <field name="model">res.partner</field>
        <field name="inherit_id" ref="base.view_partner_form"/>
        <field name="priority">360</field>
        <field name="type">form</field>
        <field name="arch" type="xml">
            <data>
                <xpath expr="//field[@name='property_purchase_currency_id']" position="after">
                    <field name="x_is_broker"/>
                </xpath>
            </data>
        </field>
    </record>

    <!--  TODO: it is needed?  -->
<!--    <record id="view_picking_form_inherit_commodity_trading" model="ir.ui.view">-->
<!--        <field name="name">stock.picking.form.customization.commodity.trading</field>-->
<!--        <field name="mode">extension</field>-->
<!--        <field name="model">stock.picking</field>-->
<!--        <field name="inherit_id" ref="stock.view_picking_form"/>-->
<!--        <field name="priority">10000</field>-->
<!--        <field name="type">form</field>-->
<!--        <field name="arch" type="xml">-->
<!--            <data>-->
<!--                &lt;!&ndash; TODO: reduce xpath &ndash;&gt;-->
<!--                <xpath expr="/form[1]/sheet[1]/notebook[1]/page[1]/field[1]" position="inside">-->
<!--                    <form string="Move Lines" create="0" edit="0">-->
<!--                        <header>-->
<!--                            <field name="state" widget="statusbar" statusbar_visible="draft,confirmed,partially_available,assigned,done"/>-->
<!--                        </header>-->
<!--                        <sheet>-->
<!--                            <field name="company_id" invisible="1"/>-->
<!--                            <field name="picking_id" invisible="1"/>-->
<!--                            <field name="location_id" invisible="1"/>-->
<!--                            <field name="location_dest_id" invisible="1"/>-->
<!--                            <field name="package_id" invisible="1"/>-->
<!--                            <field name="product_uom_category_id" invisible="1"/>-->
<!--                            <group>-->
<!--                                <group>-->
<!--                                    <field name="date"/>-->
<!--                                    <field name="reference"/>-->
<!--                                    <field name="origin"/>-->
<!--                                    <field name="product_id"/>-->
<!--                                    <field name="location_id" options="{'no_create': True}" groups="stock.group_stock_multi_locations"/>-->
<!--                                    <field name="location_dest_id" options="{'no_create': True}" groups="stock.group_stock_multi_locations"/>-->
<!--                                </group>-->
<!--                                <group>-->
<!--                                    <div class="o_row" invisible="state == 'done'">-->
<!--                                        <field name="product_uom_id" options="{'no_create': True}" groups="uom.group_uom"/>-->
<!--                                    </div>-->
<!--                                    <div class="o_row">-->
<!--                                        <field name="product_uom_id" options="{'no_create': True}" groups="uom.group_uom"/>-->
<!--                                    </div>-->
<!--                                    <field name="lot_id" groups="stock.group_production_lot" context="{'default_product_id': product_id, 'active_picking_id': picking_id, 'default_company_id': company_id}" invisible="lot_id == False and lot_name != False"/>-->
<!--                                    <field name="lot_name" groups="stock.group_production_lot" invisible="lot_id != False or lot_name == False"/>-->
<!--                                    <field name="package_id" groups="stock.group_tracking_lot"/>-->
<!--                                    <field name="result_package_id" groups="stock.group_tracking_lot"/>-->
<!--                                    <field name="owner_id" groups="stock.group_tracking_owner"/>-->
<!--                                    <field name="create_uid" widget="many2one_avatar_user" optional="hide"/>-->
<!--                                </group>-->
<!--                            </group>-->
<!--                        </sheet>-->
<!--                    </form>-->
<!--                </xpath>-->
<!--            </data>-->
<!--        </field>-->
<!--    </record>-->

    <record id="stock_picking_batch_form_inherit_commodity_trading" model="ir.ui.view">
        <field name="name">stock.picking.batch.form.customization.commodity.trading</field>
        <field name="mode">extension</field>
        <field name="model">stock.picking.batch</field>
        <field name="inherit_id" ref="stock_picking_batch.stock_picking_batch_form"/>
        <field name="priority">99</field>
        <field name="type">form</field>
        <field name="arch" type="xml">
            <data>
                <!-- TODO: reduce xpath -->
                <xpath expr="//form[1]/sheet[1]/group[1]" position="after">
                    <group>
                        <group>
                            <field name="x_truck_no"/>
                            <field name="x_driver_name"/>
                            <field name="x_gross_weight"/>
                            <field name="x_weight"/>
                            <field name="x_net_weight"/>
                        </group>
                        <group>
                            <field name="x_weighing_scale"/>
                            <field name="x_weighing_receipt_number"/>
                        </group>
                    </group>
                </xpath>
                <!-- TODO: needed? -->
                <xpath expr="//field[@name='move_line_ids']" position="inside">
                    <tree editable="top" decoration-muted="state == 'cancel'" string="Move Lines" default_order="location_id">
                        <field name="tracking" column_invisible="True"/>
                        <field name="state" column_invisible="True"/>
                        <field name="company_id" column_invisible="True"/>
                        <field name="product_id" context="{'default_detailed_type': 'product'}" required="1" readonly="id != False"/>
                        <field name="picking_id" required="1" readonly="id != False" options="{'no_create_edit': True}" domain="[('id', 'in', parent.picking_ids)]"/>
                        <field name="lot_id" groups="stock.group_production_lot" readonly="tracking not in ['lot', 'serial']"/>
                        <field name="location_id"/>
                        <field name="location_dest_id"/>
                        <field name="package_id" groups="stock.group_tracking_lot"/>
                        <field name="result_package_id" groups="stock.group_tracking_lot"/>
                        <field name="product_uom_id" options="{'no_create': True}" groups="uom.group_uom" readonly="1" force_save="1"/>
                        <field name="company_id" groups="base.group_multi_company" force_save="1"/>
                    </tree>
                </xpath>
            </data>
        </field>
    </record>

    <record id="view_production_lot_tree_inherit_commodity_trading" model="ir.ui.view">
        <field name="name">stock.production.lot.tree.customization.commodity.trading</field>
        <field name="mode">extension</field>
        <field name="model">stock.lot</field>
        <field name="inherit_id" ref="stock.view_production_lot_tree"/>
        <field name="priority">160</field>
        <field name="type">tree</field>
        <field name="arch" type="xml">
            <data>
                <!--                <xpath expr="//tree[1]/field[@name='name']" position="after">-->
                <xpath expr="//field[@name='name']" position="after">
                    <field name="x_number_of_bags" optional="show"/>
                </xpath>
            </data>
        </field>
    </record>

    <record id="view_production_lot_form_inherit_commodity_trading" model="ir.ui.view">
        <field name="name">stock.production.lot.form.customization.commodity.trading</field>
        <field name="mode">extension</field>
        <field name="model">stock.lot</field>
        <field name="inherit_id" ref="stock.view_production_lot_form"/>
        <field name="priority">160</field>
        <field name="type">form</field>
        <field name="arch" type="xml">
            <data>
                <!-- TODO: reduce xpath -->
                <xpath expr="//form[1]/sheet[1]/group[@name='main_group']/group[2]" position="inside">
                    <field name="x_number_of_bags"/>
                </xpath>
            </data>
        </field>
    </record>
    <record id="x_quality_check_worksheet_template_1_studio_ir_ui_view_1" model="ir.ui.view">
        <field name="name">template_view_Inward_checking</field>
        <field name="model">x_quality_check_worksheet_template_1_studio</field>
        <field name="type">form</field>
        <field name="arch" type="xml">
            <form create="false" js_class="worksheet_validation">
                <sheet>
                    <h1 invisible="context.get('studio') or context.get('default_x_quality_check_id')">
                        <field name="x_quality_check_id" domain="[('test_type', '=', 'worksheet')]"/>
                    </h1>
                    <group>
                        <group>
                            <field name="x_comments"/>
                            <field name="x_passed"/>
                        </group>
                        <group/>
                    </group>
                </sheet>
            </form>
        </field>
    </record>
    <record id="x_quality_check_worksheet_template_1_studio_ir_ui_view_1_inherit_commodity_trading" model="ir.ui.view">
        <field name="name">template_view_Inward_checking.customization.commodity.trading</field>
        <field name="mode">extension</field>
        <field name="model">x_quality_check_worksheet_template_1_studio</field>
        <field name="inherit_id" ref="x_quality_check_worksheet_template_1_studio_ir_ui_view_1"/>
        <field name="priority">99</field>
        <field name="type">form</field>
        <field name="arch" type="xml">
            <data>
                <xpath expr="//form[1]/sheet[1]/group[1]" position="replace">
                    <group>
                        <group>
                            <field name="x_moisture" help="8% to 8.5% Maximum."/>
                            <field name="x_split_broken" help="0.5% Maximum"/>
                        </group>
                        <group>
                            <field name="x_admixture"/>
                            <field name="x_damage" help="0.5% Maximum"/>
                        </group>
                    </group>
                </xpath>
            </data>
        </field>
    </record>
    <record id="report_picking_batch_copy_1_commodity_trading" model="ir.ui.view">
        <field name="name">stock_picking_batch.report_picking_batch copy</field>
        <field name="key">stock_picking_batch.report_picking_batch_copy_1</field>
        <field name="type">qweb</field>
        <field name="arch" type="xml">
            <t t-name="stock_picking_batch.report_picking_batch_copy_1">
                <t t-call="web.html_container">
                    <t t-foreach="docs" t-as="o">
                        <t t-set="move_line_ids" t-value="o.picking_ids.mapped('move_line_ids')"/>
                        <t t-set="has_package" t-value="move_line_ids.filtered('result_package_id')" groups="stock.group_tracking_lot"/>
                        <t t-set="has_serial_number" t-value="move_line_ids.filtered('lot_id')" groups="stock.group_production_lot"/>
                        <t t-set="has_barcode" t-value="move_line_ids.mapped('product_id').filtered('barcode')"/>
                        <t t-set="locations" t-value="move_line_ids.mapped('location_id').sorted(lambda location: location.complete_name)"/>
                        <t t-call="web.external_layout">
                            <div class="page">
                                <div class="d-flex">
                                    <div>
                                        <h3>Summary: <span t-field="o.name"/></h3>
                                    </div>
                                    <div class="me-auto">
                                        <div t-field="o.name" t-options="{'widget': 'barcode', 'width': 600, 'height': 150, 'img_style': 'width:300px; height:50px;'}"/>
                                    </div>
                                </div>
                                <div t-if="o.user_id">
                                    <strong>Responsible:</strong>
                                    <span t-field="o.user_id"/>
                                </div>
                                <br/>
                                <table class="table table-condensed">
                                    <thead>
                                        <tr>
                                            <th>Transfer</th>
                                            <th>Barcode</th>
                                            <th>Status</th>
                                            <th>Scheduled Date</th>
                                        </tr>
                                    </thead>
                                    <tbody>
                                        <tr t-foreach="o.picking_ids" t-as="pick">
                                            <td>
                                                <span t-field="pick.name"/>
                                            </td>
                                            <td>
                                                <div t-field="pick.name" t-options="{'widget': 'barcode', 'quiet': 0, 'width': 400, 'height': 100, 'img_style': 'width:200px;height:50px;'}"/>
                                            </td>
                                            <td>
                                                <span t-field="pick.state"/>
                                            </td>
                                            <td>
                                                <span t-field="pick.scheduled_date"/>
                                            </td>
                                        </tr>
                                    </tbody>
                                </table>
                                <p style="page-break-after: always;"/>
                                <h3>
                                    <span t-field="o.name"/>
                                </h3>
                                <div t-if="o.user_id">
                                    <strong>Responsible:</strong>
                                    <span t-field="o.user_id"/>
                                </div>
                                <br/>
                                <table class="table table-condensed">
                                    <thead>
                                        <tr>
                                            <th>Product</th>
                                            <th>Quantity</th>
                                            <th width="20%">Transfer</th>
                                            <th t-if="has_serial_number" width="15%">
                                                <strong>Lot/Serial Number</strong>
                                            </th>
                                            <th t-if="has_barcode" width="15%" class="text-center">
                                                <strong>Product Barcode</strong>
                                            </th>
                                            <th t-if="has_package" width="15%">
                                                <strong>Package</strong>
                                            </th>
                                        </tr>
                                    </thead>
                                    <t t-foreach="locations" t-as="location_from">
                                        <t t-set="loc_move_line" t-value="move_line_ids.filtered(lambda x: x.location_id==location_from)"/>
                                        <t t-foreach="loc_move_line.location_dest_id" t-as="location_dest">
                                            <t t-set="move_lines" t-value="loc_move_line.filtered(lambda x: x.location_dest_id==location_dest)"/>
                                            <t t-set="products" t-value="move_lines.product_id"/>
                                            <tbody>
                                                <tr>
                                                    <td style="background-color:lightgrey" colspan="6">
                                                        <p style="margin:0px">
                                                            <strong>FROM</strong>
                                                            <span t-esc="move_lines.location_id.display_name"/>
                                                        </p>
                                                        <p style="margin:0px">
                                                            <strong>TO</strong>
                                                            <span t-esc="move_lines.location_dest_id.display_name"/>
                                                        </p>
                                                    </td>
                                                </tr>
                                                <tr t-foreach="move_lines" t-as="move_operation">
                                                    <td>
                                                        <span t-field="move_operation.display_name"/>
                                                    </td>
                                                    <td>
                                                        <span t-if="has_package or move_operation.state == 'done'"/>
                                                        <span t-field="move_operation.uom_id" groups="move_operation.group_uom"/>
                                                    </td>
                                                    <td>
                                                        <span t-esc="move_operation.picking_id.display_name"/>
                                                    </td>
                                                    <td t-if="has_serial_number" class="text-center h6" width="15%">
                                                        <div t-if="move_operation.lot_id or move_operation.lot_name" t-field="move_operation.lot_id.name" t-options="{'widget': 'barcode', 'humanreadable': 1, 'width': 600, 'height': 100, 'img_style': 'width:100%;height:35px;'}"/>
                                                    </td>
                                                    <td width="15%" class="text-center" t-if="has_barcode">
                                                        <span t-if="move_operation.product_id and move_operation.product_id.barcode">
                                                            <div t-field="move_operation.product_id.barcode" t-options="{'widget': 'barcode', 'symbology': 'auto', 'width': 600, 'height': 100, 'img_style': 'width:100%;height:35px;'}"/>
                                                        </span>
                                                    </td>
                                                    <td t-if="has_package" width="15%">
                                                        <span t-field="move_operation.package_id"/>
                                                        <t t-if="move_operation.result_package_id">
                                                            <strong>→</strong>
                                                            <span t-field="move_operation.result_package_id"/>
                                                        </t>
                                                    </td>
                                                </tr>
                                            </tbody>
                                        </t>
                                    </t>
                                </table>
                            </div>
                        </t>
                    </t>
                </t>
            </t>
        </field>
    </record>
    <record id="x_quality_check_worksheet_template_1_studio_ir_ui_view_2" model="ir.ui.view">
        <field name="name">tree_view_Inward_checking</field>
        <field name="model">x_quality_check_worksheet_template_1_studio</field>
        <field name="type">tree</field>
        <field name="arch" type="xml">
            <tree>
                <field name="create_date" widget="date"/>
                <field name="x_name"/>
            </tree>
        </field>
    </record>
    <record id="x_quality_check_worksheet_template_1_studio_ir_ui_view_3" model="ir.ui.view">
        <field name="name">search_view_Inward_checking</field>
        <field name="model">x_quality_check_worksheet_template_1_studio</field>
        <field name="type">search</field>
        <field name="arch" type="xml">
            <search>
                <field name="x_name"/>
                <filter string="Created on" date="create_date" name="create_date"/>
                <filter name="group_by_month" string="Created on" context="{'group_by': 'create_date:month'}"/>
            </search>
        </field>
    </record>
</odoo>
