<?xml version='1.0' encoding='UTF-8'?>
<odoo>
    <record id="stock_picking_batch.stock_picking_wave_menu" model="ir.ui.menu">
        <field name="name">Weighing Scale/GRN Details</field>
    </record>
    <record id="menu_inventory_weighing_scale_master" model="ir.ui.menu">
        <field name="name">Weighing Scale Master</field>
        <field name="action" ref="action_weighing_scale_master"/>
        <field name="parent_id" ref="stock.menu_warehouse_config"/>
        <field name="sequence">3</field>
    </record>
<!--    <record id="inventory_weighing_s_a2865ab5-0b23-42ef-a1e7-8206cd7afbc9"-->
<!--        model="ir.ui.menu">-->
<!--        <field name="name">Weighing Scale/GRN Details</field>-->
<!--        <field name="action" ref="action_weighing_scale_grn_details"/>-->
<!--        <field name="sequence">1</field>-->
<!--        <field name="parent_id" ref="stock.menu_stock_transfers"/>-->
<!--        <field name="active" eval="False"/>-->
<!--    </record>-->
</odoo>
