<?xml version='1.0' encoding='UTF-8'?>
<odoo>
    <record id="knowledge_article_1" model="knowledge.article">
        <field name="name">Commodity Trading</field>
        <field name="is_locked" eval="True"/>
        <field name="cover_image_id" ref="knowledge_cover_1"/>
        <field name="internal_permission">write</field>
        <field name="is_article_visible_by_everyone" eval="True"/>
        <field name="body">
            <![CDATA[ 
            <h1>
                <font class="text-black">Commodity Trading</font>
            </h1>
            <div class="o_knowledge_behavior_anchor o_knowledge_behavior_type_toc"
                data-oe-protected="true">
                <div class="o_knowledge_toc_content">
                    <a href="#" data-oe-nodeid="0"
                        class="oe_unremovable o_no_link_popover d-block o_knowledge_toc_link o_knowledge_toc_link_depth_0">Commodity
                        Trading</a>
                    <a href="#" data-oe-nodeid="1"
                        class="oe_unremovable o_no_link_popover d-block o_knowledge_toc_link o_knowledge_toc_link_depth_0">
                        Introduction</a>
                    <a href="#" data-oe-nodeid="2"
                        class="oe_unremovable o_no_link_popover d-block o_knowledge_toc_link o_knowledge_toc_link_depth_0">business
                        Flows</a>
                    <a href="#" data-oe-nodeid="3"
                        class="oe_unremovable o_no_link_popover d-block o_knowledge_toc_link o_knowledge_toc_link_depth_1">Use
                        Case :1 Direct trading</a>
                    <a href="#" data-oe-nodeid="4"
                        class="oe_unremovable o_no_link_popover d-block o_knowledge_toc_link o_knowledge_toc_link_depth_1">Purchase
                        Order &gt;&gt; Receipt &gt;&gt; Bill &gt;&gt; Sales Order&gt;&gt; Delivery</a>
                    <a href="#" data-oe-nodeid="5"
                        class="oe_unremovable o_no_link_popover d-block o_knowledge_toc_link o_knowledge_toc_link_depth_1">Use
                        Case : 2 Dropship material directly to customer</a>
                    <a href="#" data-oe-nodeid="6"
                        class="oe_unremovable o_no_link_popover d-block o_knowledge_toc_link o_knowledge_toc_link_depth_1">Create
                        Sales Order &gt;&gt; RFQ created based on Vendor defined on product &gt;&gt;
                        confirm Purchase order &gt;&gt; Dropship created.</a>
                    <a href="#" data-oe-nodeid="7"
                        class="oe_unremovable o_no_link_popover d-block o_knowledge_toc_link o_knowledge_toc_link_depth_1">Use
                        Case :3 Sell after processing Material internally</a>
                    <a href="#" data-oe-nodeid="8"
                        class="oe_unremovable o_no_link_popover d-block o_knowledge_toc_link o_knowledge_toc_link_depth_1">Purchase
                        different Commodities &gt;&gt; receipt &gt;&gt; Blending Process (
                        Manufacturing Order ) &gt;&gt; material availability of FG &gt;&gt; Sales
                        order &gt;&gt; Delivery</a>
                </div>
            </div>
            <h1>
                <font class="text-black">Introduction</font>
            </h1>
            <p>
                <b style="font-weight:normal"></b>
            </p>
            <p>
                <font class="text-black">
                    <span class="text-black"
                        style="font-size: 11pt; background-color: transparent; font-weight: 400; font-style: normal; text-decoration: none;">This
                        configuration is quite useful for traders who deal with commodities like
                        Soybeans, Rice, Sugar, Wheat, Corn, Cotton Etc. CRM, Sales, purchase,
                        Inventory, Manufacturing, Quality, Accounting Application will be useful to
                        setup Configuration.</span>
                </font>
            </p>
            <p>
                <font class="text-black">
                    <span class="text-black"
                        style="font-size: 11pt; background-color: transparent; font-weight: 400; font-style: normal; text-decoration: none;">Commodity
                        trading business required certain requirements like weighing scale data,
                        specific quality check &amp; parameters check inputs during GRN Activities.</span>
                </font>
            </p>
            <p>
                <font class="text-black">For most of purchases they keep Broker in the loop who is
                    in direct contact with actual vendor. Broker is responsible for quality of
                    products &amp; He Gets commision from trader for assistance on managing
                    processes.</font>
                <br/>
            </p>
            <p>
                <font class="text-black">They generally doing business with following flow as
                    explained in detail below.</font>
                <br/>
            </p>
            <h1>
                <font class="text-black">business Flows</font>
                <br/>
            </h1>
            <h2>
                <font class="text-black">Use Case :1 Direct trading</font>
            </h2>
            <h2>
                <font class="text-black">
                    <font class="text-black">
                        <span
                            style="font-size: 11pt; background-color: transparent; font-weight: 400; font-style: normal; text-decoration: none;"
                            class="text-black">
                            <span style="font-size: 21px;">Purchase Order &gt;&gt; Receipt &gt;&gt;
                                Bill &gt;&gt; Sales Order&gt;&gt; Delivery</span>
                        </span>
                    </font>
                </font>
            </h2>
            <p>
                <font class="text-black">Purchase commoditiesfrom Vendors locally or import
                    &amp; store at their different warehouses &amp; after getting orders from their
                    customer they will deliver to them.</font>
                <br/>
            </p>
            <p>
                <font class="text-black">1. Create Purchase Order , Select Broker who is work as
                    mediator between Vendor &amp; buyer &amp; responsible for if anything unwanted
                    happens during delivery or in Quality of commodities. confirm Purchase order,</font>
            </p>
            <p>
                <font class="text-black">2. In Inventory application in receipt menu select the
                    transfer which needs to receive &amp; select the action 'select for GRN' .</font>
            </p>
            <p>
                <font class="text-black">3. In inventory Application inWeighing Scale/GRN
                    Details menu select subsequent transfer to receive material after inputting all
                    details of weight &amp; material.</font>
            </p>
            <p>
                <font class="text-black">4. Billing will be done against PO &amp; received material</font>
            </p>
            <p>
                <font class="text-black">5. commodities delivery to end customer against Sales order
                    Generation.</font>
            </p>
            <h2>Use Case : 2 Dropship material directly to customer</h2>
            <h2>Create Sales Order &gt;&gt; RFQ created based on Vendor defined on product &gt;&gt;
                confirm Purchase order &gt;&gt; Dropship created.</h2>
            <p style="margin-bottom: 0px;">
                <font class="text-black">for some commodities, they purchase only after
                    getting orders from their customer, vendor could dropship or
                    commoditiesship to warehouse first &amp; they deliverto customer at
                    later stage.</font>
            </p>
            <p style="margin-bottom: 0px;">
                <font class="text-black"></font>
            </p>
            <p style="margin-bottom: 0px;">
                <font class="text-black">1. Create Sales order according to customer's requirements,
                    automatically Request for quotation will be created according to vendor define
                    over product form (or Vendor price list)</font>
            </p>
            <p style="margin-bottom: 0px;">
                <font class="text-black"></font>
            </p>
            <p style="margin-bottom: 0px;">
                <font class="text-black">2. Based on approval of RFQ , purchase order generated
                    &amp; dropship will be created to deliver material directly to customer.</font>
            </p>
            <p style="margin-bottom: 0px;">
                <font class="text-black"></font>
            </p>
            <h2 style="margin-bottom: 0px;">Use Case :3 Sell after processing Material
                internally</h2>
            <h2 style="margin-bottom: 0px;">Purchase different Commodities &gt;&gt; receipt &gt;&gt;
                Blending Process ( Manufacturing Order ) &gt;&gt; material availability of FG
                &gt;&gt; Sales order &gt;&gt; Delivery</h2>
            <p style="margin-bottom: 0px;">
                <br/>
            </p>
            <p style="margin-bottom: 0px;">
                <font class="text-black">They purchase the same commodities of different qualities
                    &amp; then do the blending(Mixing) process to make another quality of same
                    commodities &amp; sell them.</font>
                <br/>
            </p>
            <p style="margin-bottom: 0px;">
                <font class="text-black"></font>
            </p>
            <p style="margin-bottom: 0px;">
                <font class="text-black">1. Purchase Raw materials of commodities &amp; store in
                    Warehouse.</font>
            </p>
            <p style="margin-bottom: 0px;">
                <font class="text-black"></font>
            </p>
            <p style="margin-bottom: 0px;">
                <font class="text-black">2. Create Manufacturing Order of Finish commodities with
                    Blending (mixing) Process &amp; complete MO to product FG in stock.</font>
            </p>
            <p style="margin-bottom: 0px;">
                <font class="text-black"></font>
            </p>
            <p style="margin-bottom: 0px;">
                <font class="text-black">3. Create Sales order to sell &amp; deliver the FG
                    commodities.</font>
            </p>
            <p>
                <font class="text-black"></font>
            </p>
            <p style="margin-bottom: 0px;">
                <font class="text-black"></font>
            </p> ]]>
        </field>
    </record>
</odoo>
