<?xml version='1.0' encoding='UTF-8'?>
<odoo noupdate="1">
    <record id="mrp_bom_line_1" model="mrp.bom.line">
        <field name="product_id" ref="product_product_6"/>
        <field name="bom_id" ref="mrp_bom_1"/>
        <field name="product_qty">0.5</field>
    </record>
    <record id="mrp_bom_line_2" model="mrp.bom.line">
        <field name="product_id" ref="product_product_7"/>
        <field name="bom_id" ref="mrp_bom_1"/>
        <field name="product_qty">0.5</field>
    </record>
</odoo>
