<?xml version='1.0' encoding='UTF-8'?>
<odoo noupdate="1">
    <record id="product_product_1" model="product.product">
        <field name="standard_price">42.34</field>
        <field name="product_tmpl_id" ref="product_template_1"/>
    </record>
    <record id="product_product_2" model="product.product">
        <field name="product_tmpl_id" ref="product_template_2"/>
    </record>
    <record id="product_product_3" model="product.product">
        <field name="standard_price">25.0</field>
        <field name="product_tmpl_id" ref="product_template_3"/>
    </record>
    <record id="product_product_4" model="product.product">
        <field name="product_tmpl_id" ref="product_template_4"/>
    </record>
    <record id="product_product_5" model="product.product">
        <field name="standard_price">1400.0</field>
        <field name="product_tmpl_id" ref="product_template_5"/>
    </record>
    <record id="product_product_6" model="product.product">
        <field name="product_tmpl_id" ref="product_template_6"/>
    </record>
    <record id="product_product_7" model="product.product">
        <field name="product_tmpl_id" ref="product_template_7"/>
    </record>
    <record id="product_product_8" model="product.product">
        <field name="product_tmpl_id" ref="product_template_8"/>
    </record>
    <record id="product_product_9" model="product.product">
        <field name="product_tmpl_id" ref="product_template_9"/>
    </record>
</odoo>
