<odoo noupdate="1">
    <record id="product_template_1" model="product.template" context="{'create_product_product': False}">
        <field name="name">Green Soybeans</field>
        <field name="categ_id" ref="product_category_4"/>
        <field name="uom_id" ref="uom.product_uom_ton"/>
        <field name="uom_po_id" ref="uom.product_uom_ton"/>
        <field name="detailed_type">product</field>
        <field name="image_1920" type="base64" file="commodity_trading/static/src/binary/product_template/1-image_1920"/>
        <field name="tracking">lot</field>
    </record>
    <record id="product_template_2" model="product.template" context="{'create_product_product': False}">
        <field name="name">Yellow Soybeans</field>
        <field name="categ_id" ref="product_category_4"/>
        <field name="uom_id" ref="uom.product_uom_ton"/>
        <field name="uom_po_id" ref="uom.product_uom_ton"/>
        <field name="detailed_type">product</field>
        <field name="image_1920" type="base64" file="commodity_trading/static/src/binary/product_template/2-image_1920"/>
        <field name="tracking">lot</field>
    </record>
    <record id="product_template_3" model="product.template" context="{'create_product_product': False}">
        <field name="name">Black Soybeans</field>
        <field name="categ_id" ref="product_category_4"/>
        <field name="uom_id" ref="uom.product_uom_kgm"/>
        <field name="uom_po_id" ref="uom.product_uom_kgm"/>
        <field name="detailed_type">product</field>
        <field name="image_1920" type="base64" file="commodity_trading/static/src/binary/product_template/3-image_1920"/>
    </record>
    <record id="product_template_4" model="product.template" context="{'create_product_product': False}">
        <field name="name">Kurakake Soybeans</field>
        <field name="categ_id" ref="product.product_category_all"/>
        <field name="uom_id" ref="uom.product_uom_ton"/>
        <field name="uom_po_id" ref="uom.product_uom_ton"/>
        <field name="detailed_type">product</field>
        <field name="image_1920" type="base64" file="commodity_trading/static/src/binary/product_template/4-image_1920"/>
        <field name="route_ids" eval="[(6, 0, [ref('purchase_stock.route_warehouse0_buy'), ref('stock_dropshipping.route_drop_shipping')])]"/>
    </record>
    <record id="product_template_5" model="product.template" context="{'create_product_product': False}">
        <field name="name">Brown Soybeans</field>
        <field name="categ_id" ref="product.product_category_all"/>
        <field name="uom_id" ref="uom.product_uom_ton"/>
        <field name="uom_po_id" ref="uom.product_uom_ton"/>
        <field name="detailed_type">product</field>
        <field name="tracking">lot</field>
        <field name="route_ids" eval="[(6, 0, [ref('purchase_stock.route_warehouse0_buy'), ref('stock_dropshipping.route_drop_shipping')])]"/>
    </record>
    <record id="product_template_6" model="product.template" context="{'create_product_product': False}">
        <field name="name">Rice - IR16 - parboild</field>
        <field name="categ_id" ref="product_category_5"/>
        <field name="uom_id" ref="uom.product_uom_ton"/>
        <field name="uom_po_id" ref="uom.product_uom_ton"/>
        <field name="detailed_type">product</field>
        <field name="image_1920" type="base64" file="commodity_trading/static/src/binary/product_template/6-image_1920"/>
    </record>
    <record id="product_template_7" model="product.template" context="{'create_product_product': False}">
        <field name="name">Rice - IR24 - parboild</field>
        <field name="categ_id" ref="product_category_5"/>
        <field name="uom_id" ref="uom.product_uom_ton"/>
        <field name="uom_po_id" ref="uom.product_uom_ton"/>
        <field name="detailed_type">product</field>
        <field name="image_1920" type="base64" file="commodity_trading/static/src/binary/product_template/7-image_1920"/>
    </record>
    <record id="product_template_8" model="product.template" context="{'create_product_product': False}">
        <field name="name">Rice </field>
        <field name="categ_id" ref="product_category_5"/>
        <field name="uom_id" ref="uom.product_uom_ton"/>
        <field name="uom_po_id" ref="uom.product_uom_ton"/>
        <field name="detailed_type">product</field>
        <field name="image_1920" type="base64" file="commodity_trading/static/src/binary/product_template/8-image_1920"/>
        <field name="route_ids" eval="[(6, 0, [ref('mrp.route_warehouse0_manufacture')])]"/>
    </record>
    <record id="product_template_9" model="product.template" context="{'create_product_product': False}">
        <field name="name">test Material</field>
        <field name="categ_id" ref="product.product_category_all"/>
        <field name="uom_id" ref="uom.product_uom_unit"/>
        <field name="uom_po_id" ref="uom.product_uom_unit"/>
        <field name="detailed_type">product</field>
        <field name="tracking">lot</field>
    </record>
</odoo>
