<?xml version='1.0' encoding='UTF-8'?>
<odoo noupdate="1">
    <record id="quality_point_1" model="quality.point">
        <field name="team_id" ref="quality.quality_alert_team0"/>
        <field name="worksheet_template_id" ref="worksheet_template_1"/>
        <field name="product_category_ids" eval="[(6, 0, [ref('product_category_5'), ref('product_category_4')])]"/>
        <field name="picking_type_ids" eval="[(6, 0, [ref('stock.picking_type_in')])]"/>
        <field name="worksheet_model_name">x_quality_check_worksheet_template_1_studio</field>
        <field name="test_type_id" ref="quality_control_worksheet.test_type_worksheet"/>
        <field name="worksheet_success_conditions"><![CDATA[["&amp;", "&amp;", "&amp;", "&amp;", ("x_admixture", "&lt;=", 0.5), ("x_moisture", "&gt;=", 8), ("x_moisture", "&lt;=", 8.5), ("x_split_broken", "&lt;=", 0.5), ("x_damage", "&lt;=", 0.5)]]]></field>
    </record>
</odoo>
