<?xml version='1.0' encoding='UTF-8'?>
<odoo>
    <record model="res.config.settings" id="res_config_settings_multi_step_routes">
        <field name="group_product_variant" eval="0"/>
        <field name="group_uom" eval="1"/>
        <field name="group_stock_packaging" eval="1"/>
        <field name="group_sale_pricelist" eval="1"/>
        <field name="group_stock_tracking_lot" eval="1"/>
        <field name="group_stock_picking_wave" eval="1"/>
        <field name="use_invoice_terms" eval="1"/>
        <field name="group_mrp_routings" eval="1"/>
    </record>

    <function model="res.config.settings" name="execute">
        <value eval="[ref('res_config_settings_multi_step_routes')]"/>
    </function>
</odoo>
