<?xml version='1.0' encoding='UTF-8'?>
<odoo noupdate="1">
    <record id="worksheet_template_1" model="worksheet.template" context="{'worksheet_no_generation': True}">
        <field name="name">Inward checking</field>
        <field name="res_model">quality.check</field>
        <field name="model_id" ref="model_worksheet_template_1"/>
        <field name="action_id" ref="action_x_quality_check_worksheet_template_1"/>
        <field name="report_view_id" ref="report_custom_x_quality_check_worksheet_template_1_studio"/>
    </record>
</odoo>
