<?xml version='1.0' encoding='UTF-8'?>
<odoo noupdate="1">
    <record id="res_partner_category_9" model="res.partner.category">
        <field name="name">Admin Company</field>
    </record>
    <record id="res_partner_category_7" model="res.partner.category">
        <field name="name">Admin User</field>
    </record>
    <record id="res_partner_category_2" model="res.partner.category">
        <field name="name">B2B</field>
    </record>
    <record id="res_partner_category_1" model="res.partner.category">
        <field name="name">B2C</field>
    </record>
    <record id="res_partner_category_6" model="res.partner.category">
        <field name="name">Demo User</field>
    </record>
    <record id="res_partner_category_13" model="res.partner.category">
        <field name="name">ES Customer</field>
    </record>
    <record id="res_partner_category_11" model="res.partner.category">
        <field name="name">Employee</field>
    </record>
    <record id="res_partner_category_10" model="res.partner.category">
        <field name="name">Portal Company</field>
    </record>
    <record id="res_partner_category_8" model="res.partner.category">
        <field name="name">Portal User</field>
    </record>
    <record id="res_partner_category_3" model="res.partner.category">
        <field name="name">Purchase</field>
    </record>
    <record id="res_partner_category_4" model="res.partner.category">
        <field name="name">Sales</field>
    </record>
    <record id="res_partner_category_12" model="res.partner.category">
        <field name="name">Technical User</field>
    </record>
    <record id="res_partner_category_5" model="res.partner.category">
        <field name="name">US Company</field>
    </record>
</odoo>
