<?xml version='1.0' encoding='UTF-8'?>
<odoo noupdate="1">
    <record id="account_analytic_account_1" model="account.analytic.account">
        <field name="name">Consulting Services</field>
        <field name="plan_id" ref="account_analytic_plan_1" />
    </record>
    <record id="account_analytic_account_2" model="account.analytic.account">
        <field name="name">Development Services</field>
        <field name="plan_id" ref="account_analytic_plan_1" />
    </record>
    <record id="account_analytic_account_3" model="account.analytic.account">
        <field name="name">Java Licenses</field>
        <field name="plan_id" ref="account_analytic_plan_1" />
    </record>
    <record id="account_analytic_account_4" model="account.analytic.account">
        <field name="name">Odoo Licenses</field>
        <field name="plan_id" ref="account_analytic_plan_1" />
    </record>
    <record id="account_analytic_account_5" model="account.analytic.account">
        <field name="name">Oracle Database Licenses</field>
        <field name="plan_id" ref="account_analytic_plan_1" />
    </record>
    <record id="account_analytic_account_6" model="account.analytic.account">
        <field name="name">Internal</field>
        <field name="plan_id" ref="account_analytic_plan_1" />
    </record>
</odoo>
