<?xml version='1.0' encoding='UTF-8'?>
<odoo>
    <record id="x_is_license_field" model="ir.model.fields">
        <field name="name">x_is_license</field>
        <field name="model_id" ref="project.model_project_project"/>
        <field name="field_description">License</field>
        <field name="ttype">boolean</field>
    </record>
    <record id="x_software_field" model="ir.model.fields">
        <field name="ttype">char</field>
        <field name="copied" eval="True"/>
        <field name="field_description">Software</field>
        <field name="model_id" ref="project.model_project_project"/>
        <field name="name">x_software</field>
    </record>
    <record id="x_expiration_check_field" model="ir.model.fields">
        <field name="ttype">boolean</field>
        <field name="copied" eval="True"/>
        <field name="field_description">Expiration check</field>
        <field name="model_id" ref="project.model_project_task_type"/>
        <field name="name">x_expiration_check</field>
    </record>
    <record id="x_partner_id_project_task_count_field" model="ir.model.fields">
        <field name="compute"><![CDATA[
for record in self: record['x_partner_id_project_task_count'] = self.env['project.task'].search_count([('partner_id', 'child_of', record.id),('x_is_license','=',True)])
]]>        </field>
        <field name="ttype">integer</field>
        <field name="depends">name</field>
        <field name="field_description">Customer count</field>
        <field name="model_id" ref="base.model_res_partner"/>
        <field name="name">x_partner_id_project_task_count</field>
        <field name="readonly" eval="True"/>
        <field name="selectable" eval="False"/>
        <field name="store" eval="False"/>
    </record>
    <record id="is_license_field" model="ir.model.fields">
        <field name="ttype">boolean</field>
        <field name="related">project_id.x_is_license</field>
        <field name="field_description">Is license</field>
        <field name="model_id" ref="project.model_project_task"/>
        <field name="name">x_is_license</field>
        <field name="readonly" eval="True"/>
        <field name="store" eval="False"/>
    </record>
    <record id="x_users_field" model="ir.model.fields">
        <field name="ttype">integer</field>
        <field name="copied" eval="True"/>
        <field name="field_description">Users</field>
        <field name="model_id" ref="project.model_project_task"/>
        <field name="name">x_users</field>
    </record>
    <record id="x_environment_field" model="ir.model.fields">
        <field name="ttype">selection</field>
        <field name="copied" eval="True"/>
        <field name="field_description">Environment</field>
        <field name="model_id" ref="project.model_project_task"/>
        <field name="name">x_environment</field>
    </record>
    <record id="x_environment_field_production" model="ir.model.fields.selection">
        <field name="field_id" ref="x_environment_field"/>
        <field name="value">Production</field>
        <field name="name">Production</field>
    </record>
    <record id="x_environment_field_test" model="ir.model.fields.selection">
        <field name="field_id" ref="x_environment_field"/>
        <field name="value">Test</field>
        <field name="name">Test</field>
    </record>
    <record id="x_environment_field_development" model="ir.model.fields.selection">
        <field name="field_id" ref="x_environment_field"/>
        <field name="value">Development</field>
        <field name="name">Development</field>
    </record>
    <record id="x_hosted_on_field" model="ir.model.fields">
        <field name="ttype">selection</field>
        <field name="copied" eval="True"/>
        <field name="field_description">Hosted on</field>
        <field name="model_id" ref="project.model_project_task"/>
        <field name="name">x_hosted_on</field>
    </record>
    <record id="x_hosted_on_field_odoo_sh" model="ir.model.fields.selection">
        <field name="field_id" ref="x_hosted_on_field"/>
        <field name="value">Odoo.sh</field>
        <field name="name">Odoo.sh</field>
    </record>
    <record id="x_hosted_on_field_odoo_online" model="ir.model.fields.selection">
        <field name="field_id" ref="x_hosted_on_field"/>
        <field name="value">Odoo online</field>
        <field name="name">Odoo online</field>
    </record>
    <record id="x_hosted_on_field_on_premise" model="ir.model.fields.selection">
        <field name="field_id" ref="x_hosted_on_field"/>
        <field name="value">On premise</field>
        <field name="name">On premise</field>
    </record>
    <record id="x_version_field" model="ir.model.fields">
        <field name="ttype">char</field>
        <field name="copied" eval="True"/>
        <field name="field_description">Version</field>
        <field name="model_id" ref="project.model_project_task"/>
        <field name="name">x_version</field>
    </record>
    <record id="x_license_key_field" model="ir.model.fields">
        <field name="ttype">char</field>
        <field name="copied" eval="True"/>
        <field name="field_description">License key</field>
        <field name="model_id" ref="project.model_project_task"/>
        <field name="name">x_license_key</field>
    </record>
    <record id="field_related_software_reseller_x_software" model="ir.model.fields">
        <field name="ttype">char</field>
        <field name="related">project_id.x_software</field>
        <field name="field_description">Software</field>
        <field name="model_id" ref="project.model_project_task"/>
        <field name="name">x_software</field>
        <field name="readonly" eval="True"/>
        <field name="store" eval="False"/>
    </record>
</odoo>
