<?xml version='1.0' encoding='UTF-8'?>
<odoo noupdate="1">
    <record id="mail_template_48" model="mail.template">
        <field name="body_html"><![CDATA[<div data-oe-version="1.2">Hello,</div>
<div>
    <br/>
</div>
<div>Your <t t-out="object.x_software or ''">Odoo</t> license is available.</div>
<ul style="border-radius:0px;border-style:none;padding:0 0 0 32px;margin:0px 0 16px 0;box-sizing:border-box;border-left-width:0px;border-bottom-width:0px;border-right-width:0px;border-top-width:0px;list-style-type:disc;">
    <t t-if="object.x_environment != False">
        <li>Environment: <t t-out="object.x_environment or ''">Production</t></li>
    </t>
    <t t-if="object.x_hosted_on != False">
        <li>Hosted on: <t t-out="object.x_hosted_on or ''">Odoo online</t></li>
    </t>
    <t t-if="object.x_users != 0">
        <li>Users: <t t-out="object.x_users or ''">2025</t></li>
    </t>
    <t t-if="object.x_version != False">
        <li>Version: <t t-out="object.x_version or ''">18.3</t></li>
    </t>
    <t t-if="object.x_license_key != False">
        <li>License key: <t t-out="object.x_license_key or ''">LICXYZ00001</t></li>
    </t>
</ul>
<t t-if="object.date_deadline != False">
The license expires on the <t t-out="object.date_deadline" style="font-weight: bolder;">12/3/2026</t>.
</t>
<div>Feel free to reach out in case you face difficulties.</div>
<div><br/></div>
<div><t t-out="user.signature or ''">Mitchell Admin</t></div>]]></field>
        <field name="lang">{{object.partner_id.lang}}</field>
        <field name="model_id" ref="project.model_project_task"/>
        <field name="name">Industry: Send license data</field>
        <field name="subject">Your new license</field>
    </record>
</odoo>
