<?xml version='1.0' encoding='UTF-8'?>
<odoo noupdate="1" auto_sequence="1">
    <record id="project_task_type_1" model="project.task.type">
        <field name="name">New Requests</field>
        <field name="x_expiration_check" eval="True"/>
    </record>
    <record id="project_task_type_2" model="project.task.type">
        <field name="name">In Use</field>
        <field name="x_expiration_check" eval="True"/>
    </record>
    <record id="project_task_type_20" model="project.task.type">
        <field name="name">New</field>
    </record>
    <record id="project_task_type_21" model="project.task.type">
        <field name="name">Backlog</field>
    </record>
    <record id="project_task_type_22" model="project.task.type">
        <field name="name">In Progress</field>
    </record>
    <record id="project_task_type_23" model="project.task.type">
        <field name="name">Done</field>
    </record>
    <record id="project_task_type_24" model="project.task.type">
        <field name="name">Specification</field>
    </record>
    <record id="project_task_type_25" model="project.task.type">
        <field name="name">Development</field>
    </record>
    <record id="project_task_type_26" model="project.task.type">
        <field name="name">Testing</field>
    </record>
    <record id="project_task_type_27" model="project.task.type">
        <field name="name">Deployed</field>
    </record>
    <record id="project_task_type_3" model="project.task.type">
        <field name="name">Free to Use</field>
    </record>
    <record id="project_task_type_4" model="project.task.type">
        <field name="name">Deprecated</field>
    </record>
</odoo>
