<?xml version='1.0' encoding='UTF-8'?>
<odoo noupdate="1">
    <record id="project_project_1" model="project.project">
        <field name="name">Java Licenses</field>
        <field name="label_tasks">Licenses</field>
        <field name="stage_id" ref="project.project_project_stage_0" />
        <field name="allow_timesheets" eval="False" />
        <field name="x_is_license" eval="True"/>
        <field name="x_software">Java</field>
        <field name="is_favorite" eval="False"/>
        <field name="user_id" ref="base.user_admin"/>
        <field name="account_id" ref="account_analytic_account_3"/>
        <field name="type_ids" eval="[(6, 0, [ref('project_task_type_1'), ref('project_task_type_2'), ref('project_task_type_3'), ref('project_task_type_4')])]" />
        <field name="task_properties_definition" eval="[
            {'name': '92523a6947203790', 'type': 'char', 'string': 'Java Version', 'default': '20'}, 
            {'name': 'b2e92295f220408e', 'type': 'char', 'string': 'License Key', 'default': 'aB9kL3pQ7xT2mH5cV8nR4jW1'}
        ]" />
    </record>
    <record id="project_project_2" model="project.project">
        <field name="name">Odoo Licenses</field>
        <field name="label_tasks">Licenses</field>
        <field name="stage_id" ref="project.project_project_stage_0" />
        <field name="allow_timesheets" eval="False" />
        <field name="x_is_license" eval="True"/>
        <field name="x_software">Odoo</field>
        <field name="user_id" ref="base.user_admin"/>
        <field name="is_favorite" eval="False"/>
        <field name="account_id" ref="account_analytic_account_4"/>
        <field name="type_ids" eval="[(6, 0, [ref('project_task_type_1'), ref('project_task_type_2'), ref('project_task_type_3'), ref('project_task_type_4')])]" />
        <field name="task_properties_definition" eval="[
            {'name': '14e63001c39f0a7c', 'type': 'integer', 'string': 'Number of Users', 'default': 10},
            {'name': '5238d6796e605ce9', 'type': 'selection', 'string': 'Odoo Version', 'default': False, 'selection': [['854ed77adce74cd6', 'Odoo 14'], ['5e030d963127e2d2', 'Odoo 15'], ['280c6b03bf099390', 'Odoo 16'], ['d876b1557301d0ef', 'Odoo 17']]},
            {'name': '19460db267e8e4c3', 'type': 'selection', 'string': 'Hosted On', 'default': False, 'selection': [['7fc38e587064fa82', 'On Premise'], ['0acee79ccc0c1c8c', 'Odoo.sh'], ['bd1d12f1e743ece6', 'Odoo Online']], 'default': 'bd1d12f1e743ece6'},
            {'name': '33ae81dcafa5961b', 'type': 'char', 'string': 'License Key', 'default': 'BB9kL3pQ7xU2mH5cV8nR4jY1'}
        ]" />
    </record>
    <record id="project_project_3" model="project.project">
        <field name="name">Oracle Database Licenses</field>
        <field name="company_id" ref="base.main_company"/>
        <field name="label_tasks">Licenses</field>
        <field name="type_ids" eval="[(6, 0, [ref('project_task_type_1'), ref('project_task_type_2'), ref('project_task_type_3'), ref('project_task_type_4')])]"/>
        <field name="user_id" ref="base.user_admin"/>
        <field name="allow_timesheets" eval="False"/>
        <field name="x_is_license" eval="True"/>
        <field name="x_software">Oracle</field>
        <field name="task_properties_definition" eval="[
            {'name': '5238d6796e605ce9', 'type': 'selection', 'string': 'Odoo Version', 'default': False, 'selection': [['854ed77adce74cd6', 'Odoo 14'], ['5e030d963127e2d2', 'Odoo 15'], ['280c6b03bf099390', 'Odoo 16'], ['d876b1557301d0ef', 'Odoo 17']], 'default': 'd876b1557301d0ef'},
            {'name': 'x_environment', 'type': 'selection', 'string': 'Environment', 'default': False, 'selection': [['production', 'Production'], ['test', 'Test'], ['development', 'Development']], 'default': 'development'},
            {'name': '33ae81dcafa5961b', 'type': 'char', 'string': 'License Key', 'default': 'CB1kL3pQ9xT2mH5cV8nU4jX3'}
        ]" />
    </record>
    <record id="project_project_4" model="project.project">
        <field name="name">Consulting Services</field>
        <field name="stage_id" ref="project.project_project_stage_0" />
        <field name="allow_billable" eval="True" />
        <field name="user_id" ref="base.user_admin"/>
        <field name="account_id" ref="account_analytic_account_1"/>
        <field name="type_ids" eval="[(6, 0, [ref('project_task_type_20'), ref('project_task_type_22'), ref('project_task_type_23')])]" />
    </record>
    <record id="project_project_5" model="project.project">
        <field name="name">Development Services</field>
        <field name="stage_id" ref="project.project_project_stage_0" />
        <field name="allow_billable" eval="True" />
        <field name="user_id" ref="base.user_admin"/>
        <field name="account_id" ref="account_analytic_account_2"/>
        <field name="type_ids" eval="[(6, 0, [ref('project_task_type_21'), ref('project_task_type_24'), ref('project_task_type_25'), ref('project_task_type_26'), ref('project_task_type_27')])]" />
    </record>
    <record id="project_project_6" model="project.project">
        <field name="name">Internal</field>
        <field name="stage_id" ref="project.project_project_stage_0" />
        <field name="is_favorite" eval="False"/>
        <field name="user_id" ref="base.user_admin"/>
        <field name="account_id" ref="account_analytic_account_6"/>
        <field name="type_ids" eval="[(6, 0, [ref('hr_timesheet.internal_project_default_stage')])]" />
    </record>
</odoo>
