<?xml version='1.0' encoding='UTF-8'?>
<odoo noupdate="1">
    <record id="sale_order_template_1" model="sale.order.template">
        <field name="name">Odoo Standard Implementation</field>
        <field name="plan_id" ref="sale_subscription_plan_1"/>
        <field name="number_of_days">60</field>
    </record>
    <record id="sale_order_template_2" model="sale.order.template">
        <field name="name">Yearly</field>
        <field name="plan_id" ref="sale_subscription_plan_2"/>
        <field name="number_of_days">60</field>
    </record>
    <record id="sale_order_template_3" model="sale.order.template">
        <field name="name">3 Years</field>
        <field name="plan_id" ref="sale_subscription_plan_3"/>
    </record>
    <record id="sale_order_template_4" model="sale.order.template">
        <field name="name">5 Years</field>
        <field name="plan_id" ref="sale_subscription_plan_4"/>
    </record>
</odoo>
