<?xml version='1.0' encoding='UTF-8'?>
<odoo noupdate="1">
    <record id="uom_uom_28" model="uom.uom">
        <field name="name">User / Month</field>
    </record>
    <record id="uom_uom_27" model="uom.uom">
        <field name="name">Users / Year</field>
        <field name="relative_factor">12.0</field>
        <field name="relative_uom_id" ref="uom_uom_28"/>
    </record>
    <record id="uom_uom_31" model="uom.uom">
        <field name="name">Month</field>
    </record>
    <record id="uom_uom_29" model="uom.uom">
        <field name="name">Year</field>
        <field name="relative_uom_id" ref="uom_uom_31"/>
        <field name="relative_factor">12</field>
    </record>
    <record id="uom_uom_30" model="uom.uom">
        <field name="name">3 Years</field>
        <field name="relative_factor">3.0</field>
        <field name="relative_uom_id" ref="uom_uom_29"/>
    </record>
</odoo>
