<?xml version='1.0' encoding='UTF-8'?>
<odoo noupdate="1">
    <record id="product_supplierinfo_1" model="product.supplierinfo">
        <field name="partner_id" ref="res_partner_7"/>
        <field name="product_tmpl_id" ref="product_template_3"/>
        <field name="min_qty">1.0</field>
        <field name="price">25.0</field>
    </record>
    <record id="product_supplierinfo_2" model="product.supplierinfo">
        <field name="partner_id" ref="res_partner_7"/>
        <field name="product_tmpl_id" ref="product_template_1"/>
        <field name="min_qty">1.0</field>
    </record>
    <record id="product_supplierinfo_3" model="product.supplierinfo">
        <field name="partner_id" ref="res_partner_7"/>
        <field name="product_tmpl_id" ref="product_template_2"/>
        <field name="min_qty">1.0</field>
    </record>
    <record id="product_supplierinfo_4" model="product.supplierinfo">
        <field name="partner_id" ref="res_partner_7"/>
        <field name="product_tmpl_id" ref="product_template_4"/>
        <field name="price">123.0</field>
    </record>
    <record id="product_supplierinfo_5" model="product.supplierinfo">
        <field name="partner_id" ref="res_partner_10"/>
        <field name="product_tmpl_id" ref="product_template_5"/>
        <field name="price">12.0</field>
    </record>
    <record id="product_supplierinfo_6" model="product.supplierinfo">
        <field name="partner_id" ref="res_partner_11"/>
        <field name="product_tmpl_id" ref="product_template_6"/>
        <field name="price">120.0</field>
    </record>
    <record id="product_supplierinfo_7" model="product.supplierinfo">
        <field name="partner_id" ref="res_partner_11"/>
        <field name="product_tmpl_id" ref="product_template_7"/>
        <field name="price">145.0</field>
    </record>
    <record id="product_supplierinfo_8" model="product.supplierinfo">
        <field name="partner_id" ref="res_partner_7"/>
        <field name="product_tmpl_id" ref="product_template_5"/>
        <field name="min_qty">1.0</field>
        <field name="price">1400.0</field>
    </record>
    <record id="product_supplierinfo_9" model="product.supplierinfo">
        <field name="partner_id" ref="res_partner_7"/>
        <field name="product_tmpl_id" ref="product_template_6"/>
        <field name="min_qty">1.0</field>
        <field name="price">120.0</field>
    </record>
</odoo>
