<?xml version='1.0' encoding='UTF-8'?>
<odoo noupdate="1">
    <record id="purchase_order_1" model="purchase.order">
        <field name="partner_id" ref="res_partner_7"/>
        <field name="x_broker" ref="res_partner_9"/>
    </record>
    <record id="purchase_order_2" model="purchase.order">
        <field name="partner_id" ref="res_partner_7"/>
        <field name="x_broker" ref="res_partner_9"/>
    </record>
    <record id="purchase_order_3" model="purchase.order">
        <field name="partner_id" ref="res_partner_7"/>
        <field name="x_broker" ref="res_partner_11"/>
    </record>
    <record id="purchase_order_4" model="purchase.order">
        <field name="partner_id" ref="res_partner_7"/>
        <field name="x_broker" ref="res_partner_11"/>
    </record>
    <record id="purchase_order_5" model="purchase.order">
        <field name="partner_id" ref="res_partner_7"/>
        <field name="x_broker" ref="res_partner_9"/>
    </record>
    <record id="purchase_order_6" model="purchase.order">
        <field name="partner_id" ref="res_partner_7"/>
        <field name="x_broker" ref="res_partner_9"/>
    </record>
    <record id="purchase_order_7" model="purchase.order">
        <field name="partner_id" ref="res_partner_7"/>
        <field name="x_broker" ref="res_partner_9"/>
    </record>
    <record id="purchase_order_8" model="purchase.order">
        <field name="partner_id" ref="res_partner_7"/>
        <field name="x_broker" ref="res_partner_9"/>
    </record>
</odoo>
