<?xml version='1.0' encoding='UTF-8'?>
<odoo noupdate="1">
    <record id="purchase_order_line_14" model="purchase.order.line">
        <field name="product_id" ref="product_product_1"/>
        <field name="order_id" ref="purchase_order_1"/>
        <field name="product_qty">125.0</field>
        <field name="price_unit">123.0</field>
    </record>
    <record id="purchase_order_line_17" model="purchase.order.line">
        <field name="product_id" ref="product_product_1"/>
        <field name="order_id" ref="purchase_order_2"/>
        <field name="product_qty">150.0</field>
    </record>
    <record id="purchase_order_line_25" model="purchase.order.line">
        <field name="product_id" ref="product_product_5"/>
        <field name="order_id" ref="purchase_order_3"/>
        <field name="price_unit">1400.0</field>
    </record>
    <record id="purchase_order_line_26" model="purchase.order.line">
        <field name="product_id" ref="product_product_5"/>
        <field name="order_id" ref="purchase_order_4"/>
        <field name="product_qty">27.0</field>
        <field name="price_unit">1400.0</field>
    </record>
    <record id="purchase_order_line_31" model="purchase.order.line">
        <field name="product_id" ref="product_product_6"/>
        <field name="order_id" ref="purchase_order_5"/>
        <field name="product_qty">27.0</field>
        <field name="price_unit">120.0</field>
    </record>
    <record id="purchase_order_line_33" model="purchase.order.line">
        <field name="product_id" ref="product_product_6"/>
        <field name="order_id" ref="purchase_order_6"/>
        <field name="product_qty">27.0</field>
        <field name="price_unit">120.0</field>
    </record>
    <record id="purchase_order_line_36" model="purchase.order.line">
        <field name="product_id" ref="product_product_6"/>
        <field name="order_id" ref="purchase_order_7"/>
        <field name="product_qty">54.0</field>
        <field name="price_unit">120.0</field>
    </record>
    <record id="purchase_order_line_38" model="purchase.order.line">
        <field name="product_id" ref="product_product_7"/>
        <field name="order_id" ref="purchase_order_8"/>
        <field name="product_qty">54.0</field>
        <field name="price_unit">120.0</field>
    </record>
</odoo>
