<?xml version='1.0' encoding='UTF-8'?>
<odoo noupdate="1">
    <record id="res_partner_10" model="res.partner">
        <field name="name">Vendor 1</field>
    </record>
    <record id="res_partner_11" model="res.partner">
        <field name="name">Rice Vendor</field>
    </record>
    <record id="res_partner_7" model="res.partner">
        <field name="name">Parth Solanki</field>
        <field name="state_id" ref="base.state_in_gj"/>
        <field name="city">Gandhinagar</field>
        <field name="zip">382007</field>
        <field name="is_company" eval="True"/>
        <field name="country_id" ref="base.in"/>
    </record>
    <record id="res_partner_8" model="res.partner">
        <field name="name">Malkesh</field>
        <field name="state_id" ref="base.state_in_gj"/>
        <field name="city">Ahmedabad</field>
        <field name="zip">380061</field>
        <field name="country_id" ref="base.in"/>
    </record>
    <record id="res_partner_9" model="res.partner">
        <field name="name">Partner/broker</field>
        <field name="state_id" ref="base.state_in_gj"/>
        <field name="city">Rajkot</field>
        <field name="zip">360005</field>
        <field name="country_id" ref="base.in"/>
        <field name="x_is_broker" eval="True"/>
    </record>
</odoo>
