<?xml version='1.0' encoding='UTF-8'?>
<odoo noupdate="1">
    <record id="sale_order_1" model="sale.order">
        <field name="partner_id" ref="res_partner_8"/>
    </record>
	<record id="sale_order_2" model="sale.order">
        <field name="partner_id" ref="res_partner_8"/>
    </record>
    <record id="sale_order_3" model="sale.order">
		<field name="partner_id" ref="res_partner_8"/>
    </record>
	<record id="sale_order_4" model="sale.order">
		<field name="partner_id" ref="res_partner_8"/>
	</record>
	<record id="sale_order_5" model="sale.order">
		<field name="partner_id" ref="res_partner_8"/>
	</record>
	<record id="sale_order_6" model="sale.order">
		<field name="partner_id" ref="res_partner_8"/>
	</record>
	<record id="sale_order_7" model="sale.order">
		<field name="partner_id" ref="res_partner_8"/>
	</record>
	<record id="sale_order_8" model="sale.order">
		<field name="partner_id" ref="res_partner_8"/>
	</record>
	<record id="sale_order_9" model="sale.order">
		<field name="partner_id" ref="res_partner_8"/>
	</record>
</odoo>
