<?xml version='1.0' encoding='UTF-8'?>
<odoo noupdate="1">
    <record id="sale_order_line_1" model="sale.order.line">
        <field name="product_id" ref="product_product_5"/>
        <field name="order_id" ref="sale_order_1"/>
        <field name="product_uom_qty">2.0</field>
    </record>
    <record id="sale_order_line_2" model="sale.order.line">
        <field name="product_id" ref="product_product_6"/>
        <field name="order_id" ref="sale_order_2"/>
        <field name="product_uom_qty">27.0</field>
    </record>
    <record id="sale_order_line_3" model="sale.order.line">
        <field name="product_id" ref="product_product_4"/>
        <field name="order_id" ref="sale_order_3"/>
        <field name="product_uom_qty">27.0</field>
    </record>
    <record id="sale_order_line_4" model="sale.order.line">
        <field name="product_id" ref="product_product_8"/>
        <field name="order_id" ref="sale_order_4"/>
        <field name="product_uom_qty">27.0</field>
        <field name="price_unit">123.0</field>
    </record>
    <record id="sale_order_line_5" model="sale.order.line">
        <field name="product_id" ref="product_product_6"/>
        <field name="order_id" ref="sale_order_5"/>
        <field name="product_uom_qty">27.0</field>
        <field name="price_unit">150.0</field>
    </record>
    <record id="sale_order_line_6" model="sale.order.line">
        <field name="product_id" ref="product_product_4"/>
        <field name="order_id" ref="sale_order_6"/>
        <field name="product_uom_qty">15.0</field>
        <field name="price_unit">135.0</field>
    </record>
    <record id="sale_order_line_7" model="sale.order.line">
        <field name="product_id" ref="product_product_8"/>
        <field name="order_id" ref="sale_order_7"/>
        <field name="product_uom_qty">12.0</field>
        <field name="price_unit">150.0</field>
    </record>
    <record id="sale_order_line_8" model="sale.order.line">
        <field name="product_id" ref="product_product_6"/>
        <field name="order_id" ref="sale_order_8"/>
        <field name="product_uom_qty">27.0</field>
        <field name="price_unit">145.0</field>
    </record>
    <record id="sale_order_line_9" model="sale.order.line">
        <field name="product_id" ref="product_product_4"/>
        <field name="order_id" ref="sale_order_9"/>
        <field name="product_uom_qty">15.0</field>
        <field name="price_unit">167.0</field>
    </record>
</odoo>
