<?xml version='1.0' encoding='UTF-8'?>
<odoo noupdate="1">
    <record id="weigh_bridge_1" model="x_weighing_scale_maste">
        <field name="x_name">Exotica Weigh Bridge</field>
        <field name="x_warehouse" ref="stock.warehouse0"/>
        <field name="x_active">True</field>
    </record>
    <record id="weigh_bridge_2" model="x_weighing_scale_maste">
        <field name="x_name">Amazing Weigh Bridge</field>
        <field name="x_warehouse" ref="stock.warehouse0"/>
        <field name="x_active">True</field>
    </record>
</odoo>
