<?xml version='1.0' encoding='UTF-8'?>
<odoo>
  <record id="account_analytic_account_1" model="account.analytic.account">
    <field name="name">Internal</field>
    <field name="plan_id" ref="analytic.analytic_plan_projects"/>
  </record>
  <record id="account_analytic_account_2" model="account.analytic.account" forcecreate="1">
    <field name="name">Field Service</field>
    <field name="plan_id" ref="analytic.analytic_plan_projects"/>
  </record>
  <record id="account_analytic_account_3" model="account.analytic.account" forcecreate="1">
    <field name="plan_id" ref="analytic.analytic_plan_projects"/>
    <field name="root_plan_id" ref="analytic.analytic_plan_projects"/>
    <field name="name">Project Template</field>
  </record>
  <record id="account_analytic_account_4" model="account.analytic.account" forcecreate="1">
    <field name="name">S00001 - VDK Project</field>
    <field name="plan_id" ref="analytic.analytic_plan_projects"/>
    <field name="partner_id" ref="res_partner_20"/>
  </record>
  <record id="account_analytic_account_15" model="account.analytic.account">
    <field name="name">S00004</field>
    <field name="plan_id" ref="analytic.analytic_plan_projects"/>
    <field name="partner_id" ref="res_partner_9"/>
  </record>
</odoo>
