<?xml version='1.0' encoding='UTF-8'?>
<odoo>
  <record id="hr_employee_1" model="hr.employee" forcecreate="1">
    <field name="name">Alain Stallateur</field>
    <field name="work_contact_id" ref="res_partner_16"/>
    <field name="image_1920" type="base64" file="window_installer/static/src/binary/hr_employee/5-image_1920"/>
    <field name="job_id" ref="hr_job_1"/>
    <field name="job_title">Qualified Worker</field>
    <field name="address_id" ref="base.main_partner"/>
  </record>
  <record id="hr_employee_2" model="hr.employee" forcecreate="1">
    <field name="name">Alex Posant</field>
    <field name="work_contact_id" ref="res_partner_17"/>
    <field name="image_1920" type="base64" file="window_installer/static/src/binary/hr_employee/6-image_1920"/>
    <field name="job_id" ref="hr_job_1"/>
    <field name="job_title">Qualified Worker</field>
    <field name="address_id" ref="base.main_partner"/>
  </record>
  <record id="hr_employee_3" model="hr.employee" forcecreate="1">
    <field name="name">Sacha Touille</field>
    <field name="work_contact_id" ref="res_partner_19"/>
    <field name="image_1920" type="base64" file="window_installer/static/src/binary/hr_employee/7-image_1920"/>
    <field name="job_id" ref="hr_job_1"/>
    <field name="job_title">Qualified Worker</field>
    <field name="address_id" ref="base.main_partner"/>
  </record>
</odoo>
