<?xml version='1.0' encoding='UTF-8'?>
<odoo>
  <record id="planning_recurrency_1" model="planning.recurrency" forcecreate="1">
    <field name="repeat_type">x_times</field>
    <field name="repeat_unit">day</field>
    <field name="repeat_number">4</field>
  </record>
  <record id="planning_recurrency_2" model="planning.recurrency" forcecreate="1">
    <field name="repeat_type">x_times</field>
    <field name="repeat_unit">day</field>
    <field name="repeat_number">30</field>
  </record>
</odoo>
