<?xml version='1.0' encoding='UTF-8'?>
<odoo noupdate="1">
  <record id="product_supplierinfo_9" model="product.supplierinfo">
    <field name="product_tmpl_id" ref="product_template_18"/>
    <field name="partner_id" ref="res_partner_40"/>
  </record>
  <record id="product_supplierinfo_10" model="product.supplierinfo">
    <field name="product_tmpl_id" ref="product_template_19"/>
    <field name="partner_id" ref="res_partner_41"/>
    <field name="price">100.0</field>
    <field name="min_qty">50.0</field>
  </record>
  <record id="product_supplierinfo_11" model="product.supplierinfo">
    <field name="product_tmpl_id" ref="product_template_20"/>
    <field name="partner_id" ref="res_partner_42"/>
    <field name="price">75.0</field>
    <field name="min_qty">50.0</field>
  </record>
  <record id="product_supplierinfo_12" model="product.supplierinfo">
    <field name="product_tmpl_id" ref="product_template_17"/>
    <field name="partner_id" ref="res_partner_43"/>
    <field name="price">10.0</field>
    <field name="min_qty">10.0</field>
  </record>
</odoo>
