<?xml version='1.0' encoding='UTF-8'?>
<odoo noupdate="1">
  <record id="project_task_1" model="project.task">
    <field name="name">Training</field>
    <field name="project_id" ref="project_project_1"/>
    <field name="analytic_account_id" ref="account_analytic_account_1"/>
    <field name="stage_id" ref="hr_timesheet.internal_project_default_stage"/>
    <field name="display_in_project" eval="True"/>
  </record>
  <record id="project_task_2" model="project.task">
    <field name="name">Meeting</field>
    <field name="project_id" ref="project_project_1"/>
    <field name="analytic_account_id" ref="account_analytic_account_1"/>
    <field name="stage_id" ref="hr_timesheet.internal_project_default_stage"/>
    <field name="display_in_project" eval="True"/>
  </record>
  <record id="project_task_4" model="project.task">
    <field name="name">S00002 - Labor hour with equipment</field>
    <field name="date_assign">2024-07-18 06:15:44</field>
    <field name="project_id" ref="project_project_4"/>
    <field name="partner_id" ref="res_partner_20"/>
    <field name="partner_phone">+32 479 65 43 21</field>
    <field name="analytic_account_id" ref="account_analytic_account_4"/>
    <field name="stage_id" ref="industry_fsm.planning_project_stage_2"/>
    <field name="effective_hours">7.6</field>
    <field name="total_hours_spent">7.6</field>
    <field name="allocated_hours">8.0</field>
    <field name="remaining_hours">0.40000000000000036</field>
    <field name="progress">0.95</field>
    <field name="display_in_project" eval="True"/>
  </record>
  <record id="project_task_5" model="project.task" forcecreate="1">
    <field name="name">Work</field>
    <field name="date_assign">2024-07-18 06:15:44</field>
    <field name="project_id" ref="project_project_3"/>
    <field name="analytic_account_id" ref="account_analytic_account_3"/>
    <field name="stage_id" ref="industry_fsm.planning_project_stage_0"/>
    <field name="display_in_project" eval="True"/>
    <field name="sequence">12</field>
  </record>
  <record id="project_task_6" model="project.task" forcecreate="1">
    <field name="name">Architect</field>
    <field name="date_assign">2024-07-18 06:15:44</field>
    <field name="project_id" ref="project_project_3"/>
    <field name="analytic_account_id" ref="account_analytic_account_3"/>
    <field name="stage_id" ref="industry_fsm.planning_project_stage_0"/>
    <field name="allocated_hours">8.0</field>
    <field name="remaining_hours">8.0</field>
    <field name="display_in_project" eval="True"/>
  </record>
  <record id="project_task_7" model="project.task" forcecreate="1">
    <field name="name">Receipt</field>
    <field name="date_assign">2024-07-18 06:15:44</field>
    <field name="project_id" ref="project_project_3"/>
    <field name="analytic_account_id" ref="account_analytic_account_3"/>
    <field name="stage_id" ref="industry_fsm.planning_project_stage_0"/>
    <field name="allocated_hours">4.0</field>
    <field name="remaining_hours">4.0</field>
    <field name="display_in_project" eval="True"/>
    <field name="sequence">14</field>
  </record>
  <record id="project_task_8" model="project.task" forcecreate="1">
    <field name="name">Planification</field>
    <field name="date_assign">2024-07-18 06:15:44</field>
    <field name="project_id" ref="project_project_3"/>
    <field name="analytic_account_id" ref="account_analytic_account_3"/>
    <field name="stage_id" ref="industry_fsm.planning_project_stage_0"/>
    <field name="allocated_hours">7.0</field>
    <field name="remaining_hours">7.0</field>
    <field name="display_in_project" eval="True"/>
    <field name="sequence">12</field>
  </record>
  <record id="project_task_9" model="project.task" forcecreate="1">
    <field name="date_end">2024-07-18 06:15:44</field>
    <field name="date_assign">2024-07-18 06:15:44</field>
    <field name="name">Architect</field>
    <field name="project_id" ref="project_project_4"/>
    <field name="partner_id" ref="res_partner_20"/>
    <field name="partner_phone">+32 479 65 43 21</field>
    <field name="analytic_account_id" ref="account_analytic_account_4"/>
    <field name="stage_id" ref="industry_fsm.planning_project_stage_3"/>
    <field name="allocated_hours">8.0</field>
    <field name="remaining_hours">8.0</field>
    <field name="display_in_project" eval="True"/>
  </record>
  <record id="project_task_10" model="project.task" forcecreate="1">
    <field name="name">Down Payment</field>
    <field name="date_end">2024-07-18 06:15:44</field>
    <field name="date_assign">2024-07-18 06:15:44</field>
    <field name="project_id" ref="project_project_4"/>
    <field name="partner_id" ref="res_partner_20"/>
    <field name="partner_phone">+32 479 65 43 21</field>
    <field name="analytic_account_id" ref="account_analytic_account_4"/>
    <field name="stage_id" ref="industry_fsm.planning_project_stage_3"/>
    <field name="allocated_hours">1.0</field>
    <field name="remaining_hours">1.0</field>
    <field name="display_in_project" eval="True"/>
  </record>
  <record id="project_task_11" model="project.task" forcecreate="1">
    <field name="name">Planification</field>
    <field name="date_end">2024-07-18 06:15:44</field>
    <field name="date_assign">2024-07-18 06:15:44</field>
    <field name="project_id" ref="project_project_4"/>
    <field name="partner_id" ref="res_partner_20"/>
    <field name="partner_phone">+32 479 65 43 21</field>
    <field name="analytic_account_id" ref="account_analytic_account_4"/>
    <field name="stage_id" ref="industry_fsm.planning_project_stage_3"/>
    <field name="allocated_hours">7.0</field>
    <field name="remaining_hours">7.0</field>
    <field name="display_in_project" eval="True"/>
  </record>
  <record id="project_task_12" model="project.task" forcecreate="1">
    <field name="name">Work</field>
    <field name="date_assign">2024-07-18 06:15:44</field>
    <field name="project_id" ref="project_project_4"/>
    <field name="partner_id" ref="res_partner_20"/>
    <field name="partner_phone">+32 479 65 43 21</field>
    <field name="analytic_account_id" ref="account_analytic_account_4"/>
    <field name="stage_id" ref="industry_fsm.planning_project_stage_2"/>
    <field name="display_in_project" eval="True"/>
  </record>
  <record id="project_task_13" model="project.task" forcecreate="1">
    <field name="name">Receipt</field>
    <field name="date_assign">2024-07-18 06:15:44</field>
    <field name="project_id" ref="project_project_4"/>
    <field name="partner_id" ref="res_partner_20"/>
    <field name="partner_phone">+32 479 65 43 21</field>
    <field name="analytic_account_id" ref="account_analytic_account_4"/>
    <field name="stage_id" ref="industry_fsm.planning_project_stage_0"/>
    <field name="allocated_hours">4.0</field>
    <field name="remaining_hours">4.0</field>
    <field name="display_in_project" eval="True"/>
  </record>
</odoo>
