<?xml version='1.0' encoding='UTF-8'?>
<odoo noupdate="1">
  <record id="purchase_order_1" model="purchase.order">
    <field name="date_approve">2024-07-18 07:10:14</field>
    <field name="date_order">2024-07-18 07:09:53</field>
    <field name="state">purchase</field>
    <field name="date_calendar_start">2024-07-18 07:10:14</field>
    <field name="amount_total_cc">5750.0</field>
    <field name="receipt_status">pending</field>
    <field name="picking_type_id" ref="stock.picking_type_in"/>
    <field name="partner_id" ref="res_partner_41"/>
    <field name="date_planned">2024-07-19 07:09:53</field>
    <field name="amount_untaxed">5000.0</field>
  </record>
</odoo>
