<?xml version='1.0' encoding='UTF-8'?>
<odoo>
  <record id="purchase_order_line_3" model="purchase.order.line">
    <field name="product_qty">50.0</field>
    <field name="date_planned">2024-07-19 07:09:53</field>
    <field name="location_final_id" ref="stock.stock_location_stock"/>
    <field name="product_id" ref="product_product_23"/>
    <field name="product_uom_qty">50.0</field>
    <field name="order_id" ref="purchase_order_1"/>
    <field name="partner_id" ref="res_partner_41"/>
    <field name="propagate_cancel" eval="False"/>
    <field name="state">purchase</field>
    <field name="price_unit">100.0</field>
  </record>
</odoo>
