<?xml version='1.0' encoding='UTF-8'?>
<odoo noupdate="1">
  <record id="base.main_partner" model="res.partner" forcecreate="1">
    <field name="name">My Company</field>
    <field name="is_company" eval="True"/>
    <field name="country_id" ref="base.us"/>
    <field name="partner_share" eval="True"/>
    <field name="image_1920" type="base64" file="window_installer/static/src/binary/res_partner/1-image_1920"/>
    <field name="commercial_company_name">My Company</field>
    <field name="contact_address_complete">United States</field>
    <field name="category_id" eval="[(6, 0, [])]"/>
  </record>
  <record id="res_partner_7" model="res.partner" forcecreate="1">
    <field name="name">Constant Custinne</field>
    <field name="property_stock_supplier" ref="stock.stock_location_suppliers"/>
    <field name="title" ref="base.res_partner_title_mister"/>
    <field name="zip">5562</field>
    <field name="city">Houyet</field>
    <field name="mobile">+32 479 12 34 56</field>
    <field name="country_id" ref="base.be"/>
    <field name="phone_sanitized">+32 479 12 34 56</field>
    <field name="partner_share" eval="True"/>
    <field name="ubl_cii_format">ubl_bis3</field>
    <field name="street">Rue de Wallons, 1</field>
    <field name="contact_address_complete">Rue de Wallons, 1, 5562 Houyet, Belgium</field>
    <field name="category_id" eval="[(6, 0, [])]"/>
    <field name="peppol_eas">0208</field>
    <field name="property_stock_customer" ref="stock.stock_location_customers"/>
    <field name="email">constant.custinne@example.com</field>
  </record>
  <record id="res_partner_8" model="res.partner" forcecreate="1">
    <field name="name">Ready Mat</field>
    <field name="property_stock_supplier" ref="stock.stock_location_suppliers"/>
    <field name="is_company" eval="True"/>
    <field name="partner_share" eval="True"/>
    <field name="image_1920" type="base64" file="window_installer/static/src/binary/res_partner/30-image_1920"/>
    <field name="commercial_company_name">Ready Mat</field>
    <field name="category_id" eval="[(6, 0, [])]"/>
    <field name="property_stock_customer" ref="stock.stock_location_customers"/>
  </record>
  <record id="res_partner_9" model="res.partner" forcecreate="1">
    <field name="name">Jackson Architects</field>
    <field name="property_stock_supplier" ref="stock.stock_location_suppliers"/>
    <field name="is_company" eval="True"/>
    <field name="partner_share" eval="True"/>
    <field name="image_1920" type="base64" file="window_installer/static/src/binary/res_partner/31-image_1920"/>
    <field name="commercial_company_name">Jackson Architects</field>
    <field name="category_id" eval="[(6, 0, [])]"/>
    <field name="property_stock_customer" ref="stock.stock_location_customers"/>
    <field name="email">js@test.com</field>
  </record>
  <record id="res_partner_10" model="res.partner" forcecreate="1">
    <field name="name">Pierre Jackson</field>
    <field name="parent_id" ref="res_partner_9"/>
    <field name="property_stock_supplier" ref="stock.stock_location_suppliers"/>
    <field name="partner_share" eval="True"/>
    <field name="image_1920" type="base64" file="window_installer/static/src/binary/res_partner/32-image_1920"/>
    <field name="commercial_company_name">Jackson Architects</field>
    <field name="category_id" eval="[(6, 0, [])]"/>
    <field name="function">Architect</field>
    <field name="property_stock_customer" ref="stock.stock_location_customers"/>
  </record>
  <record id="res_partner_12" model="res.partner" forcecreate="1">
    <field name="name">Gemini Furniture</field>
    <field name="property_stock_supplier" ref="stock.stock_location_suppliers"/>
    <field name="is_company" eval="True"/>
    <field name="partner_share" eval="True"/>
    <field name="image_1920" type="base64" file="window_installer/static/src/binary/res_partner/33-image_1920"/>
    <field name="commercial_company_name">Gemini Furniture</field>
    <field name="category_id" eval="[(6, 0, [])]"/>
    <field name="property_stock_customer" ref="stock.stock_location_customers"/>
  </record>
  <record id="res_partner_13" model="res.partner" forcecreate="1">
    <field name="name">Wood Corner</field>
    <field name="property_stock_supplier" ref="stock.stock_location_suppliers"/>
    <field name="is_company" eval="True"/>
    <field name="partner_share" eval="True"/>
    <field name="image_1920" type="base64" file="window_installer/static/src/binary/res_partner/34-image_1920"/>
    <field name="commercial_company_name">Wood Corner</field>
    <field name="category_id" eval="[(6, 0, [])]"/>
    <field name="property_stock_customer" ref="stock.stock_location_customers"/>
  </record>
  <record id="res_partner_15" model="res.partner" forcecreate="1">
    <field name="name">Marc Demotte</field>
    <field name="property_stock_supplier" ref="stock.stock_location_suppliers"/>
    <field name="country_id" ref="base.be"/>
    <field name="partner_share" eval="True"/>
    <field name="ubl_cii_format">ubl_bis3</field>
    <field name="image_1920" type="base64" file="window_installer/static/src/binary/res_partner/35-image_1920"/>
    <field name="contact_address_complete">Belgium</field>
    <field name="category_id" eval="[(6, 0, [])]"/>
    <field name="function">Team Leader</field>
    <field name="peppol_eas">0208</field>
    <field name="property_stock_customer" ref="stock.stock_location_customers"/>
    <field name="email">marc.demotte@example.com</field>
  </record>
  <record id="res_partner_16" model="res.partner" forcecreate="1">
    <field name="name">Alain Stallateur</field>
    <field name="property_stock_supplier" ref="stock.stock_location_suppliers"/>
    <field name="country_id" ref="base.be"/>
    <field name="partner_share" eval="True"/>
    <field name="ubl_cii_format">ubl_bis3</field>
    <field name="image_1920" type="base64" file="window_installer/static/src/binary/res_partner/36-image_1920"/>
    <field name="contact_address_complete">Belgium</field>
    <field name="comment"><![CDATA[<p>Image by&nbsp;<a href="https://www.freepik.com/" target="_blank">Freepik</a><br></p>
                
        ]]></field>
    <field name="category_id" eval="[(6, 0, [])]"/>
    <field name="function">Qualified Worker</field>
    <field name="peppol_eas">0208</field>
    <field name="property_stock_customer" ref="stock.stock_location_customers"/>
  </record>
  <record id="res_partner_17" model="res.partner" forcecreate="1">
    <field name="name">Alex Posant</field>
    <field name="property_stock_supplier" ref="stock.stock_location_suppliers"/>
    <field name="country_id" ref="base.be"/>
    <field name="partner_share" eval="True"/>
    <field name="ubl_cii_format">ubl_bis3</field>
    <field name="image_1920" type="base64" file="window_installer/static/src/binary/res_partner/37-image_1920"/>
    <field name="contact_address_complete">Belgium</field>
    <field name="comment"><![CDATA[<p>Image by&nbsp;<a href="https://www.freepik.com/" target="_blank">Freepik</a><br></p>
                
            ]]></field>
    <field name="category_id" eval="[(6, 0, [])]"/>
    <field name="function">Qualified Worker</field>
    <field name="peppol_eas">0208</field>
    <field name="property_stock_customer" ref="stock.stock_location_customers"/>
  </record>
  <record id="res_partner_19" model="res.partner" forcecreate="1">
    <field name="name">Sacha Touille</field>
    <field name="property_stock_supplier" ref="stock.stock_location_suppliers"/>
    <field name="country_id" ref="base.be"/>
    <field name="partner_share" eval="True"/>
    <field name="ubl_cii_format">ubl_bis3</field>
    <field name="image_1920" type="base64" file="window_installer/static/src/binary/res_partner/38-image_1920"/>
    <field name="contact_address_complete">Belgium</field>
    <field name="comment"><![CDATA[<p>Image by&nbsp;<a href="https://www.freepik.com/" target="_blank">Freepik</a><br></p>
                
        ]]></field>
    <field name="category_id" eval="[(6, 0, [])]"/>
    <field name="function">Qualified Worker</field>
    <field name="peppol_eas">0208</field>
    <field name="property_stock_customer" ref="stock.stock_location_customers"/>
  </record>
  <record id="res_partner_20" model="res.partner" forcecreate="1">
    <field name="name">Kamiel Van De Kust</field>
    <field name="property_stock_supplier" ref="stock.stock_location_suppliers"/>
    <field name="zip">8400</field>
    <field name="city">Oostende</field>
    <field name="mobile">+32 479 65 43 21</field>
    <field name="country_id" ref="base.be"/>
    <field name="phone_sanitized">+32 479 65 43 21</field>
    <field name="customer_rank">2</field>
    <field name="partner_share" eval="True"/>
    <field name="ubl_cii_format">ubl_bis3</field>
    <field name="street">Duinkerkelaan, 1</field>
    <field name="contact_address_complete">Duinkerkelaan, 1, 8400 Oostende, Belgium</field>
    <field name="category_id" eval="[(6, 0, [])]"/>
    <field name="peppol_eas">0208</field>
    <field name="property_stock_customer" ref="stock.stock_location_customers"/>
    <field name="email">kamiel.vdk@example.com</field>
  </record>
  <record id="res_partner_40" model="res.partner">
    <field name="name">Glass Vendor</field>
    <field name="property_stock_supplier" ref="stock.stock_location_suppliers"/>
    <field name="is_company" eval="True"/>
    <field name="partner_share" eval="True"/>
    <field name="commercial_company_name">Glass Vendor</field>
    <field name="category_id" eval="[(6, 0, [])]"/>
    <field name="property_stock_customer" ref="stock.stock_location_customers"/>
  </record>
  <record id="res_partner_41" model="res.partner">
    <field name="name">Wood Vendor</field>
    <field name="property_stock_supplier" ref="stock.stock_location_suppliers"/>
    <field name="partner_share" eval="True"/>
    <field name="category_id" eval="[(6, 0, [])]"/>
    <field name="property_stock_customer" ref="stock.stock_location_customers"/>
  </record>
  <record id="res_partner_42" model="res.partner">
    <field name="name">PVC vendor</field>
    <field name="property_stock_supplier" ref="stock.stock_location_suppliers"/>
    <field name="partner_share" eval="True"/>
    <field name="category_id" eval="[(6, 0, [])]"/>
    <field name="property_stock_customer" ref="stock.stock_location_customers"/>
  </record>
  <record id="res_partner_43" model="res.partner">
    <field name="name">Paint Vendor</field>
    <field name="property_stock_supplier" ref="stock.stock_location_suppliers"/>
    <field name="partner_share" eval="True"/>
    <field name="category_id" eval="[(6, 0, [])]"/>
    <field name="property_stock_customer" ref="stock.stock_location_customers"/>
  </record>
</odoo>
