<?xml version='1.0' encoding='UTF-8'?>
<odoo noupdate="1">
  <record id="sale_order_line_16" model="sale.order.line">
    <field name="product_id" ref="product_product_29"/>
    <field name="name">Labor hour</field>
    <field name="product_uom" ref="uom.product_uom_hour"/>
    <field name="product_uom_qty">20.0</field>
    <field name="order_id" ref="sale_order_4"/>
    <field name="project_id" ref="project_project_8"/>
    <field name="warehouse_id" ref="stock.warehouse0"/>
    <field name="margin">1200.0</field>
    <field name="margin_percent">1.0</field>
    <field name="price_unit">60.0</field>
  </record>
  <record id="sale_order_line_17" model="sale.order.line">
    <field name="product_id" ref="product_product_20"/>
    <field name="name">PVC Window (White)</field>
    <field name="product_uom" ref="uom.product_uom_unit"/>
    <field name="product_uom_qty">6.0</field>
    <field name="order_id" ref="sale_order_4"/>
    <field name="sequence">11</field>
    <field name="warehouse_id" ref="stock.warehouse0"/>
    <field name="margin">9000.0</field>
    <field name="margin_percent">1.0</field>
    <field name="price_unit">1500.0</field>
  </record>
</odoo>
