<?xml version='1.0' encoding='UTF-8'?>
<odoo>
  <record id="documents_folder_9" model="documents.folder">
    <field name="name">Internal</field>
    <field name="parent_folder_id" ref="documents_project.documents_project_folder"/>
  </record>
  <record id="documents_folder_11" model="documents.folder" forcecreate="1">
    <field name="name">Project Template</field>
    <field name="parent_folder_id" ref="documents_project.documents_project_folder"/>
  </record>
  <record id="documents_folder_12" model="documents.folder" forcecreate="1">
    <field name="name">S00001 - VDK Project</field>
    <field name="parent_folder_id" ref="documents_project.documents_project_folder"/>
  </record>
  <record id="documents_folder_17" model="documents.folder">
    <field name="name">S00004 - Project Template</field>
    <field name="parent_folder_id" ref="documents_project.documents_project_folder"/>
  </record>
</odoo>
