<?xml version='1.0' encoding='UTF-8'?>
<odoo>
  <record id="knowledge_article_35" model="knowledge.article" forcecreate="1">
    <field name="name">Chassis installer</field>
    <field name="cover_image_id" ref="knowledge_cover_12"/>
    <field name="body"><![CDATA[<h1>Chassis installer</h1>
                                <p>This industry is tailor-made for window/chassis installer businesses that excel in
                                        managing installation&nbsp;projects. It encompasses the crucial stages of
                                        project conceptualization, accurate quotation(s), seamless project
                                        kick-off, meticulous planning, streamlined (re)supply, flawless
                                        execution, effective collaboration with third parties, meticulous
                                        budget follow-up, prompt invoicing, and exceptional customer
                                        service.</p>
                                <p>Odoo empowers you to effortlessly and efficiently manage every aspect of
                                        your construction projects, ensuring unparalleled success and client
                                        satisfaction thanks its suite of integrated applications.</p>
                                <div tabindex="-1" class="o_knowledge_behavior_anchor o_knowledge_behavior_type_toc" data-oe-protected="true"><div class="o_knowledge_toc_content"><a href="#" data-oe-nodeid="0" class="o_no_link_popover d-block o_knowledge_toc_link o_knowledge_toc_link_depth_0">Chassis installer</a><a href="#" data-oe-nodeid="1" class="o_no_link_popover d-block o_knowledge_toc_link o_knowledge_toc_link_depth_0">Business Flows</a><a href="#" data-oe-nodeid="2" class="o_no_link_popover d-block o_knowledge_toc_link o_knowledge_toc_link_depth_1">Never miss an opportunity 🎯</a><a href="#" data-oe-nodeid="3" class="o_no_link_popover d-block o_knowledge_toc_link o_knowledge_toc_link_depth_1">Easily create beautiful quotations 💲</a><a href="#" data-oe-nodeid="4" class="o_no_link_popover d-block o_knowledge_toc_link o_knowledge_toc_link_depth_1">Centralize all the important information 📝</a><a href="#" data-oe-nodeid="5" class="o_no_link_popover d-block o_knowledge_toc_link o_knowledge_toc_link_depth_1">Quickly start the installation&nbsp;🏗️</a><a href="#" data-oe-nodeid="6" class="o_no_link_popover d-block o_knowledge_toc_link o_knowledge_toc_link_depth_1">Keep an eye on materials 📦</a><a href="#" data-oe-nodeid="7" class="o_no_link_popover d-block o_knowledge_toc_link o_knowledge_toc_link_depth_2">Key Features:</a><a href="#" data-oe-nodeid="8" class="o_no_link_popover d-block o_knowledge_toc_link o_knowledge_toc_link_depth_1">Efficiently schedule the work 📆</a><a href="#" data-oe-nodeid="9" class="o_no_link_popover d-block o_knowledge_toc_link o_knowledge_toc_link_depth_1">Accurately track the project 🔍</a><a href="#" data-oe-nodeid="10" class="o_no_link_popover d-block o_knowledge_toc_link o_knowledge_toc_link_depth_1">Invoice at the right time 📈</a><a href="#" data-oe-nodeid="11" class="o_no_link_popover d-block o_knowledge_toc_link o_knowledge_toc_link_depth_1">Make your customers happy 🆘</a><a href="#" data-oe-nodeid="12" class="o_no_link_popover d-block o_knowledge_toc_link o_knowledge_toc_link_depth_1">Take care of your resources</a><a href="#" data-oe-nodeid="13" class="o_no_link_popover d-block o_knowledge_toc_link o_knowledge_toc_link_depth_2">Employees 🧑‍🤝‍🧑</a><a href="#" data-oe-nodeid="14" class="o_no_link_popover d-block o_knowledge_toc_link o_knowledge_toc_link_depth_2">Equipment 🛠️</a><a href="#" data-oe-nodeid="15" class="o_no_link_popover d-block o_knowledge_toc_link o_knowledge_toc_link_depth_2">Fleet 🚚</a><a href="#" data-oe-nodeid="16" class="o_no_link_popover d-block o_knowledge_toc_link o_knowledge_toc_link_depth_0">Extra Miles</a><a href="#" data-oe-nodeid="17" class="o_no_link_popover d-block o_knowledge_toc_link o_knowledge_toc_link_depth_1">Create an attractive website 🌐</a><a href="#" data-oe-nodeid="18" class="o_no_link_popover d-block o_knowledge_toc_link o_knowledge_toc_link_depth_1">Sell product sets 🔩</a><a href="#" data-oe-nodeid="19" class="o_no_link_popover d-block o_knowledge_toc_link o_knowledge_toc_link_depth_1">Accounting made easy 🧮</a></div></div>
                                <h1>Business Flows</h1>
                                <h2>Never miss an opportunity 🎯</h2>
                                <p>The <font class="text-o-color-1">
                                                <strong>CRM</strong>
                                        </font>
                                        application allow you to collect the requests from your
                                        potential customers by aggregating several sources: </p>
                                <ul>
                                        <li>Create an opportunity each time you faced a potential customer,
                                                receive a phone call, etc.</li>
                                        <li>Redirect the emails sent to <a href="mailto:info@my-window-installer-business.com">
                                                info@my-</a><a href="mailto:help@industry-window-installer.odoo.com">window-installer</a>-business.com to the <strong>
                                                        <font class="text-o-color-1">CRM</font>
                                                </strong>
                                        .</li>
                                        <li>Use the Website app to create a contact form that will redirect
                                                all the requests to the <strong>
                                                        <font class="text-o-color-1">CRM</font>
                                                </strong>
                                        .</li>
                                </ul>
                                <p>Never miss nor forgot an opportunity. The <strong>
                                                <font class="text-o-color-1">CRM</font>
                                        </strong>
                                        centralizes everything and allows you to efficiently ensure the
                                        follow-up of each request. If the request becomes concrete, create
                                        the customer in the <strong>
                                                <font class="text-o-color-1">Contact</font>
                                        </strong>
                                        app.</p>
                                <p> <a class="btn btn-outline-primary btn-sm" href="https://www.odoo.com/documentation/master/applications/sales/crm.html">🎓
                                        CRM</a><br></p>
                                <h2>Easily create beautiful quotations 💲</h2>
                                <p>At anytime from an opportunity, create a beautiful and tailor-made
                                        quotation that clearly displays the price, the discount, the unit of
                                        measure and the tax of each:</p>
                                <ul>
                                        <li>Material that will be used to build the project.</li>
                                        <li>Service such as labor hours, travelling costs, etc.</li>
                                </ul>
                                <p>Of course, feel free to create all the needed products you often use.
                                        This will save you time for the next quotations.</p>
                                <p>If the customer benefits from a VAT rate reduction from 21% to 6% because
                                        of renovation, simply switch the tax by choosing the fiscal position
                                        named "Reduced VAT rate (6%)" under the "Other Info" tab of the
                                        quotation.</p>
                                <p>Don't waste time by directly sending the quotation by email to your
                                        customer. The personalized email provides:</p>
                                <ul>
                                        <li>The quotation in PDF format.</li>
                                        <li>A link to reach the online quotation from where the customer can
                                                confirm and sign it.</li>
                                </ul>
                                <p>If the customer replies the email, the answer is automatically
                                        logged in the chatter on the right of the screen. Thereby, all the
                                        discussions regarding the quotation, its updates and its fine tuning
                                        are attached and the history can be easily be consulted by all the
                                        involved users.</p>
                                <p>Once confirmed, the quotation becomes a sales order. All the quotations
                                        and the sales orders are centralized and in the <strong>
                                                <font class="text-o-color-1">Sales</font>
                                        </strong>
                                        app.</p>
                                <p>
                                        <a class="btn btn-outline-primary btn-sm" href="https://www.odoo.com/documentation/master/applications/sales/sales.html">🎓
                                                Sales</a>
                                        <br>
                                </p>
                                <h2>Centralize all the important information 📝</h2>
                                <p>Starting a&nbsp;project implies a lot of important documents
                                        such as contracts, building plans, instructions for use,
                                        subcontracting agreements, etc. Instead of scattering them in
                                        your emails, storage services or computer, attach them in the
                                        chatter and they will be automatically centralized in the <strong>
                                                <font class="text-o-color-1">Documents</font>
                                        </strong>
                                        app.</p>
                                <p>
                                        <a href="https://www.odoo.com/documentation/master/applications/finance/documents.html?highlight=documents" class="btn btn-outline-primary btn-sm">🎓 Documents</a>
                                </p>
                                <p>Speed up the sign process thanks to the <strong>
                                                <font class="text-o-color-1">Sign</font>
                                        </strong>
                                        app. Once again, all the signed documents will be stored in the <strong>
                                                <font class="text-o-color-1">Documents</font>
                                        </strong>
                                        app.</p>
                                <p>
                                        <a href="https://www.odoo.com/documentation/master/applications/finance/sign.html?highlight=sign" class="btn btn-outline-primary btn-sm">🎓 Sign</a>
                                </p>
                                <h2>Quickly start the installation&nbsp;🏗️</h2>
                                <p>The confirmation of the quotation automatically triggers the creation of
                                        a dedicated project in the... <strong>
                                                <font class="text-o-color-1">Project</font>
                                        </strong>
                                        app! Each project is initiated with several default tasks such as:</p>
                                <ul>
                                        <li>Architect</li>
                                        <li>Down Payment</li>
                                        <li>Planification</li>
                                        <li>Work</li>
                                        <li>Receipt</li>
                                </ul>
                                <p>Of course, these default tasks can be adapted in the Project Template
                                        according to your personal way of managing a installation&nbsp;project.</p>
                                <p>Assign the tasks to the right responsible and easily check the progress
                                        in the Kanban view.</p>
                                <p>
                                        <a class="btn btn-outline-primary btn-sm" href="https://www.odoo.com/documentation/master/applications/services/project.html">🎓
                                                Project</a>
                                        <br>
                                </p>
                                <h2>Keep an eye on materials 📦</h2>
                                <p>Before starting the project, make sure you have enough stock. The
                                        confirmation of the quotation also triggers the creation of a
                                        delivery in the <strong>
                                                <font class="text-o-color-1">Inventory</font>
                                        </strong>
                                        app where you can check the stock levels of each needed storable
                                        product.</p>
                                <p>
                                        <a class="btn btn-outline-primary btn-sm" href="https://www.odoo.com/documentation/master/applications/inventory_and_mrp/inventory.html">🎓
                                                Inventory</a>
                                        <br>
                                </p>
                                <p>If the stock levels are too low, resupply the materials from the <strong>
                                                <font class="text-o-color-1">Purchase</font>
                                        </strong>
                                        app by creating a purchase order linked to the right vendor. In the <strong>
                                                <font class="text-o-color-1">Contact</font>
                                        </strong>
                                        app, you can easily manage all your preferred vendors and don't
                                        hesitate to set a warning to remind if there is a minimum amount to
                                        get free transport costs.</p>
                                <p>For each ordered material, don't forget to fill the analytic distribution
                                        in which you will be able to set for which project it will be used.</p>
                                <p>
                                        <a class="btn btn-outline-primary btn-sm" href="https://www.odoo.com/documentation/master/applications/inventory_and_mrp/purchase.html">🎓
                                                Purchase</a></p><p>The&nbsp;Manufacturing App is designed to optimize the production process. The app primarily focuses on creating detailed Bills of Material (BoM) and managing the shop floor effectively.</p><h4>Key Features:</h4><ul><li><strong>Bills of Material (BoM) 📋</strong>
Create comprehensive BoMs for each window type, detailing all required materials and components. This ensures accurate inventory management and cost estimation.</li><li><strong>Shop Floor Management 🏭</strong>
Assign tasks to workers efficiently using the floor management system. Track progress in real-time and ensure all steps are completed corre</li></ul><p><br><a href="https://www.odoo.com/documentation/17.0/applications/inventory_and_mrp/manufacturing.html" target="_blank" class="btn btn-outline-primary">🎓 Manufacturing</a></p>
                                <h2>Efficiently schedule the work 📆</h2>
                                <p>Use the <strong>
                                                <font class="text-o-color-1">Planning</font>
                                        </strong>
                                        app to organize the work of your employees. Define on which project
                                        and when they have to work. Easily manage shift
                                        conflicts, workload and replacements in case of leaves. </p>
                                <h2>Accurately track the project 🔍</h2>
                                <p>Record the time spent by your employees on each project by using the <strong>
                                                <font class="text-o-color-1">Timesheets</font>
                                        </strong>
                                        app. Don't forget to define a hourly cost on the employee form.</p>
                                <p>
                                        <a class="btn btn-outline-primary btn-sm" href="https://www.odoo.com/documentation/master/applications/services/timesheets.html">🎓
                                                Timesheets</a>
                                </p>
                                <h2>Invoice at the right time 📈</h2>
                                <p>As the first invoicing step, create a down payment from the sales order.
                                        This will generate the first invoice in the <strong>
                                                <font class="text-o-color-1">Invoicing</font>
                                        </strong>
                                        app. Then, schedule one or several "Invoicing Schedule" activities
                                        on the sales order with the aim to never forget to send an
                                        intermediary invoice in order to sustain your cash flow.</p>
                                <p>
                                        <a class="btn btn-outline-primary btn-sm" href="https://www.odoo.com/documentation/master/applications/productivity/discuss/overview/plan_activities.html?highlight=activities">🎓
                                                Activities</a>
                                </p>
                                <p>Before generating an intermediary invoice in the <strong>
                                                <font class="text-o-color-1">Invoicing</font>
                                        </strong>
                                        app, freeze the project status in the <strong>
                                                <font class="text-o-color-1">Project</font>
                                        </strong>
                                        app to get an overview on the progress in terms of:</p>
                                <ul>
                                        <li>Time spent on the project.</li>
                                        <li>Materials purchased.</li>
                                        <li>Materials sold.</li>
                                </ul>
                                <p>All these components will give you an accurate overview on the project
                                        profitability.</p>
                                <p>Thanks to the invoicing policy set on delivered quantities, the generated
                                        invoice is always the reflect of the reality on the field and it is
                                        fair for the customer. </p>
                                <p>
                                        <a class="btn btn-outline-primary btn-sm" href="https://www.odoo.com/documentation/master/applications/finance/accounting/customer_invoices.html">🎓
                                                Invoicing</a>
                                </p>
                                <h2>Make your customers happy 🆘</h2>
                                <p>During and after the installation, provide a five star customer
                                        service by answering the questions from your customer through
                                        the <strong>
                                                <font class="text-o-color-1">Helpdesk</font>
                                        </strong>
                                        app. All the emails sent to <a href="mailto:help@industry-window-installer.odoo.com">
                                        help@industry-window-installer.odoo.com</a>  will create a ticket
                                        that can be assigned to ensure the follow-up.</p>
                                <p>
                                        <a class="btn btn-outline-primary btn-sm" href="https://www.odoo.com/documentation/master/applications/services/helpdesk.html">🎓
                                                Helpdesk</a>
                                        <br>
                                </p>
                                <p>If a technical operation such as a repair is needed, directly create a
                                        task in the <strong>
                                                <font class="text-o-color-1">Field Service</font>
                                        </strong>
                                        project from a ticket. Then assign it and schedule it to
                                        quickly solve the problem. Your employee will be able to use some
                                        material to fix the issue. Then these materials and the time spent
                                        could be invoiced to the customer.</p>
                                <p>
                                        <a class="btn btn-outline-primary btn-sm" href="https://www.odoo.com/documentation/master/applications/services/field_service.html">🎓
                                                Field Service</a>
                                        <br>
                                </p>
                                <h2>Take care of your resources </h2>
                                <p>A good work cannot be achieved without motivated and skilled employees,
                                        reliable equipment nor suitable vehicles.</p>
                                <h3>Employees 🧑‍🤝‍🧑</h3>
                                <p>Know the skills of each employee by filling them in the <strong>
                                                <font class="text-o-color-1">Employees</font>
                                        </strong>
                                        app. This will help you to find the right person to make a good
                                        work.</p>
                                <p>
                                        <a href="https://www.odoo.com/documentation/master/applications/hr/employees.html" class="btn btn-outline-primary btn-sm">🎓 Employees</a>
                                        <br>
                                </p>
                                <h3>Equipment 🛠️</h3>
                                <p>Amazing employees deserve amazing equipment. Make the sure all your tools
                                        are fit and well by tracking their health in the <strong>
                                                <font class="text-o-color-1">Maintenance</font>
                                        </strong>
                                        app.</p>
                                <p>
                                        <a class="btn btn-outline-primary btn-sm" href="https://www.odoo.com/documentation/master/applications/inventory_and_mrp/maintenance.html">🎓
                                                Maintenance</a>
                                        <br>
                                </p>
                                <h3>Fleet 🚚</h3>
                                <p>Manage your vehicles in the <strong>
                                                <font class="text-o-color-1">Fleet</font>
                                        </strong>
                                        app.</p>
                                <p>
                                        <a class="btn btn-outline-primary btn-sm" href="https://www.odoo.com/documentation/master/applications/hr/fleet.html">🎓
                                                Fleet</a>
                                        <br>
                                </p>
                                <h1>Extra Miles</h1>
                                <p>Enrich the core apps by installing the following ones.</p>
                                <h2>Create an attractive website 🌐</h2>
                                <p>Increase you visibility and get more leads by creating a beautiful <strong>
                                                <font class="text-o-color-1">Website</font>
                                        </strong>!
                                        When a potential customer sends a request through the contact form,
                                        it could automatically create an opportunity in the <strong>
                                                <font class="text-o-color-1">CRM</font>
                                        </strong>
                                        app.</p>
                                <p>
                                        <a class="btn btn-outline-primary btn-sm" href="https://www.odoo.com/documentation/master/applications/websites/website.html">🎓
                                                Website</a>
                                        <br>
                                </p>
                                <h2>Sell product sets 🔩</h2>
                                <p>To ease the quotation of usually sold together, the <strong>
                                                <font class="text-o-color-1">Manufacturing</font>
                                        </strong>
                                        app allows you to create kits. These can contain several
                                        products. When added in a quotation, the kits is displayed as a
                                        single line but the delivery order displays all the components to
                                        pick up.</p>
                                <p>
                                        <a class="btn btn-outline-primary btn-sm" href="https://www.odoo.com/documentation/master/applications/inventory_and_mrp/manufacturing/management/kit_shipping.html">🎓
                                                Manufacturing</a>
                                        <br>
                                </p>
                                <h2>Accounting made easy 🧮</h2>
                                <p>Use the <strong>
                                                <font class="text-o-color-1">Accounting</font>
                                        </strong>
                                        app to easily handle:</p>
                                <ul>
                                        <li>The customer reminders.</li>
                                        <li>The vendor bills payment.</li>
                                        <li>The synchronisation with the banks.</li>
                                        <li>The financial reporting.</li>
                                </ul>
                                <p>
                                        <a class="btn btn-outline-primary btn-sm" href="https://www.odoo.com/documentation/master/applications/finance/accounting.html">🎓
                                                Accounting</a>
                                        <br>
                                </p>
                        
                ]]></field>
    <field name="internal_permission">write</field>
    <field name="sequence">16</field>
    <field name="category">workspace</field>
    <field name="icon">👷‍♂️</field>
    <field name="cover_image_position">81.79</field>
    <field name="is_article_visible_by_everyone" eval="True"/>
  </record>
</odoo>
