<?xml version='1.0' encoding='UTF-8'?>
<odoo noupdate="1">
    <record model="mail.message" id="notification_knowledge">
        <field name="model">discuss.channel</field>
        <field name="res_id" ref="mail.channel_all_employees"/>
        <field name="message_type">email</field>
        <field name="author_id" ref="base.partner_root"/>
        <field name="subtype_id" ref="mail.mt_comment"/>
        <field name="subject">Knowledge article</field>
        <field name="body" model="knowledge.article" eval="
            '&lt;br>Hey! Need help?&lt;/br>
             &lt;br>Checkout this &lt;a href=\''
             + obj().env.ref('window_installer.knowledge_article_35').article_url.replace(obj().get_base_url(), '')
             + '\'>article&lt;/a>&lt;/br>'"/>
    </record>
</odoo>
