<?xml version='1.0' encoding='UTF-8'?>
<odoo noupdate="1">
  <record id="product_template_attribute_value_1" model="product.template.attribute.value">
    <field name="product_attribute_value_id" ref="product_attribute_value_1"/>
    <field name="attribute_line_id" ref="product_template_attribute_line_1"/>
  </record>
  <record id="product_template_attribute_value_2" model="product.template.attribute.value">
    <field name="product_attribute_value_id" ref="product_attribute_value_2"/>
    <field name="attribute_line_id" ref="product_template_attribute_line_1"/>
  </record>
  <record id="product_template_attribute_value_3" model="product.template.attribute.value">
    <field name="product_attribute_value_id" ref="product_attribute_value_3"/>
    <field name="attribute_line_id" ref="product_template_attribute_line_1"/>
  </record>
  <record id="product_template_attribute_value_4" model="product.template.attribute.value">
    <field name="product_attribute_value_id" ref="product_attribute_value_4"/>
    <field name="attribute_line_id" ref="product_template_attribute_line_2"/>
  </record>
  <record id="product_template_attribute_value_5" model="product.template.attribute.value">
    <field name="product_attribute_value_id" ref="product_attribute_value_3"/>
    <field name="attribute_line_id" ref="product_template_attribute_line_2"/>
  </record>
  <record id="product_template_attribute_value_6" model="product.template.attribute.value">
    <field name="product_attribute_value_id" ref="product_attribute_value_2"/>
    <field name="attribute_line_id" ref="product_template_attribute_line_2"/>
  </record>
  <record id="product_template_attribute_value_7" model="product.template.attribute.value">
    <field name="product_attribute_value_id" ref="product_attribute_value_1"/>
    <field name="attribute_line_id" ref="product_template_attribute_line_3"/>
  </record>
  <record id="product_template_attribute_value_8" model="product.template.attribute.value">
    <field name="product_attribute_value_id" ref="product_attribute_value_2"/>
    <field name="attribute_line_id" ref="product_template_attribute_line_3"/>
  </record>
  <record id="product_template_attribute_value_9" model="product.template.attribute.value">
    <field name="product_attribute_value_id" ref="product_attribute_value_3"/>
    <field name="attribute_line_id" ref="product_template_attribute_line_3"/>
  </record>
  <record id="product_template_attribute_value_10" model="product.template.attribute.value">
    <field name="product_attribute_value_id" ref="product_attribute_value_4"/>
    <field name="attribute_line_id" ref="product_template_attribute_line_3"/>
  </record>
</odoo>
