<?xml version='1.0' encoding='UTF-8'?>
<odoo noupdate="1">
  <record id="product_product_7_product_template" model="product.template" context="{'create_product_product': False}" forcecreate="1">
    <field name="name">Travelling costs</field>
    <field name="categ_id" ref="product.product_category_all"/>
    <field name="uom_id" ref="uom.product_uom_km"/>
    <field name="purchase_method">purchase</field>
    <field name="uom_po_id" ref="uom.product_uom_km"/>
    <field name="invoice_policy">order</field>
    <field name="property_stock_inventory" ref="stock_location_14"/>
    <field name="image_1920" type="base64" file="window_installer/static/src/binary/product_template/13-image_1920"/>
    <field name="service_type">manual</field>
    <field name="property_stock_production" ref="stock_location_15"/>
    <field name="route_ids" eval="[(6, 0, [ref('purchase_stock.route_warehouse0_buy')])]"/>
  </record>
  <record id="product_product_8_product_template" model="product.template" context="{'create_product_product': False}" forcecreate="1">
    <field name="name">Labor hour with equipment</field>
    <field name="categ_id" ref="product.product_category_all"/>
    <field name="uom_id" ref="uom.product_uom_hour"/>
    <field name="purchase_method">purchase</field>
    <field name="uom_po_id" ref="uom.product_uom_hour"/>
    <field name="invoice_policy">delivery</field>
    <field name="property_stock_inventory" ref="stock_location_14"/>
    <field name="image_1920" type="base64" file="window_installer/static/src/binary/product_template/14-image_1920"/>
    <field name="service_type">timesheet</field>
    <field name="list_price">120.0</field>
    <field name="service_tracking">task_in_project</field>
    <field name="property_stock_production" ref="stock_location_15"/>
    <field name="project_template_id" ref="project_project_3"/>
    <field name="route_ids" eval="[(6, 0, [ref('purchase_stock.route_warehouse0_buy')])]"/>
  </record>
  <record id="product_template_15" model="product.template" context="{'create_product_product': False}">
    <field name="name">Wood Window Frame</field>
    <field name="categ_id" ref="product.product_category_all"/>
    <field name="purchase_method">receive</field>
    <field name="invoice_policy">delivery</field>
    <field name="has_configurable_attributes" eval="True"/>
    <field name="property_stock_inventory" ref="stock_location_14"/>
    <field name="is_storable" eval="True"/>
    <field name="image_1920" type="base64" file="window_installer/static/src/binary/product_template/15-image_1920"/>
    <field name="service_type">manual</field>
    <field name="list_price">600.0</field>
    <field name="purchase_ok" eval="False"/>
    <field name="property_stock_production" ref="stock_location_15"/>
    <field name="bom_count">3</field>
    <field name="route_ids" eval="[(6, 0, [ref('mrp.route_warehouse0_manufacture')])]"/>
  </record>
  <record id="product_template_16" model="product.template" context="{'create_product_product': False}">
    <field name="name">PVC Window</field>
    <field name="categ_id" ref="product.product_category_all"/>
    <field name="purchase_method">receive</field>
    <field name="invoice_policy">delivery</field>
    <field name="has_configurable_attributes" eval="True"/>
    <field name="property_stock_inventory" ref="stock_location_14"/>
    <field name="is_storable" eval="True"/>
    <field name="image_1920" type="base64" file="window_installer/static/src/binary/product_template/16-image_1920"/>
    <field name="service_type">manual</field>
    <field name="list_price">1500.0</field>
    <field name="purchase_ok" eval="False"/>
    <field name="property_stock_production" ref="stock_location_15"/>
    <field name="bom_count">3</field>
    <field name="route_ids" eval="[(6, 0, [ref('mrp.route_warehouse0_manufacture')])]"/>
  </record>
  <record id="product_template_17" model="product.template" context="{'create_product_product': False}">
    <field name="name">Paint</field>
    <field name="categ_id" ref="product.product_category_all"/>
    <field name="purchase_method">receive</field>
    <field name="sale_ok" eval="False"/>
    <field name="invoice_policy">order</field>
    <field name="has_configurable_attributes" eval="True"/>
    <field name="property_stock_inventory" ref="stock_location_14"/>
    <field name="is_storable" eval="True"/>
    <field name="image_1920" type="base64" file="window_installer/static/src/binary/product_template/17-image_1920"/>
    <field name="service_type">manual</field>
    <field name="list_price" eval="False"/>
    <field name="can_image_1024_be_zoomed" eval="True"/>
    <field name="property_stock_production" ref="stock_location_15"/>
    <field name="used_in_bom_count">6</field>
    <field name="route_ids" eval="[(6, 0, [ref('purchase_stock.route_warehouse0_buy')])]"/>
  </record>
  <record id="product_template_18" model="product.template" context="{'create_product_product': False}">
    <field name="name">Glass</field>
    <field name="categ_id" ref="product.product_category_all"/>
    <field name="purchase_method">receive</field>
    <field name="sale_ok" eval="False"/>
    <field name="invoice_policy">order</field>
    <field name="property_stock_inventory" ref="stock_location_14"/>
    <field name="is_storable" eval="True"/>
    <field name="image_1920" type="base64" file="window_installer/static/src/binary/product_template/18-image_1920"/>
    <field name="service_type">manual</field>
    <field name="list_price" eval="False"/>
    <field name="property_stock_production" ref="stock_location_15"/>
    <field name="used_in_bom_count">6</field>
    <field name="route_ids" eval="[(6, 0, [ref('purchase_stock.route_warehouse0_buy')])]"/>
  </record>
  <record id="product_template_19" model="product.template" context="{'create_product_product': False}">
    <field name="name">Wood</field>
    <field name="categ_id" ref="product.product_category_all"/>
    <field name="purchase_method">receive</field>
    <field name="sale_ok" eval="False"/>
    <field name="invoice_policy">order</field>
    <field name="property_stock_inventory" ref="stock_location_14"/>
    <field name="is_storable" eval="True"/>
    <field name="image_1920" type="base64" file="window_installer/static/src/binary/product_template/19-image_1920"/>
    <field name="service_type">manual</field>
    <field name="list_price" eval="False"/>
    <field name="property_stock_production" ref="stock_location_15"/>
    <field name="used_in_bom_count">3</field>
    <field name="route_ids" eval="[(6, 0, [ref('purchase_stock.route_warehouse0_buy')])]"/>
  </record>
  <record id="product_template_20" model="product.template" context="{'create_product_product': False}">
    <field name="name">PVC</field>
    <field name="categ_id" ref="product.product_category_all"/>
    <field name="purchase_method">receive</field>
    <field name="sale_ok" eval="False"/>
    <field name="invoice_policy">order</field>
    <field name="property_stock_inventory" ref="stock_location_14"/>
    <field name="is_storable" eval="True"/>
    <field name="image_1920" type="base64" file="window_installer/static/src/binary/product_template/20-image_1920"/>
    <field name="service_type">manual</field>
    <field name="list_price" eval="False"/>
    <field name="property_stock_production" ref="stock_location_15"/>
    <field name="used_in_bom_count">3</field>
    <field name="route_ids" eval="[(6, 0, [ref('purchase_stock.route_warehouse0_buy')])]"/>
  </record>
  <record id="product_template_21" model="product.template" context="{'create_product_product': False}">
    <field name="name">Labor hour</field>
    <field name="categ_id" ref="product.product_category_all"/>
    <field name="uom_id" ref="uom.product_uom_hour"/>
    <field name="purchase_method">purchase</field>
    <field name="uom_po_id" ref="uom.product_uom_hour"/>
    <field name="invoice_policy">delivery</field>
    <field name="property_stock_inventory" ref="stock_location_14"/>
    <field name="image_1920" type="base64" file="window_installer/static/src/binary/product_template/21-image_1920"/>
    <field name="service_type">timesheet</field>
    <field name="list_price">60.0</field>
    <field name="service_tracking">task_in_project</field>
    <field name="property_stock_production" ref="stock_location_15"/>
    <field name="project_template_id" ref="project_project_3"/>
    <field name="route_ids" eval="[(6, 0, [ref('purchase_stock.route_warehouse0_buy')])]"/>
  </record>
</odoo>
