<?xml version='1.0' encoding='UTF-8'?>
<odoo noupdate="1">
  <record id="product_attribute_value_1" model="product.attribute.value">
    <field name="name">Blue</field>
    <field name="attribute_id" ref="product_attribute_1"/>
  </record>
  <record id="product_attribute_value_2" model="product.attribute.value">
    <field name="name">White</field>
    <field name="attribute_id" ref="product_attribute_1"/>
  </record>
  <record id="product_attribute_value_3" model="product.attribute.value">
    <field name="name">Black</field>
    <field name="attribute_id" ref="product_attribute_1"/>
  </record>
  <record id="product_attribute_value_4" model="product.attribute.value">
    <field name="name">Grey</field>
    <field name="attribute_id" ref="product_attribute_1"/>
  </record>
</odoo>
