<?xml version='1.0' encoding='UTF-8'?>
<odoo noupdate="1">

  <record id="product_product_7" model="product.product" forcecreate="1">
    <field name="standard_price">0.8</field>
    <field name="product_tmpl_id" ref="product_product_7_product_template"/>
  </record>
  <record id="product_product_8" model="product.product" forcecreate="1">
    <field name="product_tmpl_id" ref="product_product_8_product_template"/>
  </record>
  <record id="product_product_15" model="product.product">
    <field name="product_template_variant_value_ids" eval="[(6, 0, [ref('product_template_attribute_value_1')])]"/>
    <field name="product_template_attribute_value_ids" eval="[(6, 0, [ref('product_template_attribute_value_1')])]"/>
    <field name="bom_count">1</field>
    <field name="product_tmpl_id" ref="product_template_15"/>
  </record>
  <record id="product_product_16" model="product.product">
    <field name="product_template_variant_value_ids" eval="[(6, 0, [ref('product_template_attribute_value_2')])]"/>
    <field name="product_template_attribute_value_ids" eval="[(6, 0, [ref('product_template_attribute_value_2')])]"/>
    <field name="bom_count">1</field>
    <field name="product_tmpl_id" ref="product_template_15"/>
  </record>
  <record id="product_product_17" model="product.product">
    <field name="product_template_variant_value_ids" eval="[(6, 0, [ref('product_template_attribute_value_3')])]"/>
    <field name="product_template_attribute_value_ids" eval="[(6, 0, [ref('product_template_attribute_value_3')])]"/>
    <field name="bom_count">1</field>
    <field name="product_tmpl_id" ref="product_template_15"/>
  </record>
  <record id="product_product_18" model="product.product">
    <field name="product_template_variant_value_ids" eval="[(6, 0, [ref('product_template_attribute_value_4')])]"/>
    <field name="product_template_attribute_value_ids" eval="[(6, 0, [ref('product_template_attribute_value_4')])]"/>
    <field name="bom_count">1</field>
    <field name="product_tmpl_id" ref="product_template_16"/>
  </record>
  <record id="product_product_19" model="product.product">
    <field name="product_template_variant_value_ids" eval="[(6, 0, [ref('product_template_attribute_value_5')])]"/>
    <field name="product_template_attribute_value_ids" eval="[(6, 0, [ref('product_template_attribute_value_5')])]"/>
    <field name="bom_count">2</field>
    <field name="product_tmpl_id" ref="product_template_16"/>
  </record>
  <record id="product_product_20" model="product.product">
    <field name="product_template_variant_value_ids" eval="[(6, 0, [ref('product_template_attribute_value_6')])]"/>
    <field name="product_template_attribute_value_ids" eval="[(6, 0, [ref('product_template_attribute_value_6')])]"/>
    <field name="product_tmpl_id" ref="product_template_16"/>
  </record>
  <record id="product_product_22" model="product.product">
    <field name="product_tmpl_id" ref="product_template_18"/>
    <field name="used_in_bom_count">6</field>
  </record>
  <record id="product_product_23" model="product.product">
    <field name="product_tmpl_id" ref="product_template_19"/>
    <field name="used_in_bom_count">3</field>
  </record>
  <record id="product_product_24" model="product.product">
    <field name="product_template_variant_value_ids" eval="[(6, 0, [ref('product_template_attribute_value_7')])]"/>
    <field name="product_template_attribute_value_ids" eval="[(6, 0, [ref('product_template_attribute_value_7')])]"/>
    <field name="product_tmpl_id" ref="product_template_17"/>
    <field name="used_in_bom_count">1</field>
  </record>
  <record id="product_product_25" model="product.product">
    <field name="product_template_variant_value_ids" eval="[(6, 0, [ref('product_template_attribute_value_8')])]"/>
    <field name="product_template_attribute_value_ids" eval="[(6, 0, [ref('product_template_attribute_value_8')])]"/>
    <field name="product_tmpl_id" ref="product_template_17"/>
    <field name="used_in_bom_count">2</field>
  </record>
  <record id="product_product_26" model="product.product">
    <field name="product_template_variant_value_ids" eval="[(6, 0, [ref('product_template_attribute_value_9')])]"/>
    <field name="product_template_attribute_value_ids" eval="[(6, 0, [ref('product_template_attribute_value_9')])]"/>
    <field name="product_tmpl_id" ref="product_template_17"/>
    <field name="used_in_bom_count">2</field>
  </record>
  <record id="product_product_27" model="product.product">
    <field name="product_template_variant_value_ids" eval="[(6, 0, [ref('product_template_attribute_value_10')])]"/>
    <field name="product_template_attribute_value_ids" eval="[(6, 0, [ref('product_template_attribute_value_10')])]"/>
    <field name="product_tmpl_id" ref="product_template_17"/>
    <field name="used_in_bom_count">1</field>
  </record>
  <record id="product_product_28" model="product.product">
    <field name="product_tmpl_id" ref="product_template_20"/>
    <field name="used_in_bom_count">3</field>
  </record>
  <record id="product_product_29" model="product.product">
    <field name="product_tmpl_id" ref="product_template_21"/>
  </record>
</odoo>
