<?xml version='1.0' encoding='UTF-8'?>
<odoo noupdate="1">
  <record id="product_template_attribute_line_1" model="product.template.attribute.line" context="{'create_product_product': False}">
    <field name="value_ids" eval="[(6, 0, [ref('product_attribute_value_1'), ref('product_attribute_value_2'), ref('product_attribute_value_3')])]"/>
    <field name="attribute_id" ref="product_attribute_1"/>
    <field name="product_tmpl_id" ref="product_template_15"/>
  </record>
  <record id="product_template_attribute_line_2" model="product.template.attribute.line" context="{'create_product_product': False}">
    <field name="value_ids" eval="[(6, 0, [ref('product_attribute_value_2'), ref('product_attribute_value_3'), ref('product_attribute_value_4')])]"/>
    <field name="attribute_id" ref="product_attribute_1"/>
    <field name="product_tmpl_id" ref="product_template_16"/>
  </record>
  <record id="product_template_attribute_line_3" model="product.template.attribute.line" context="{'create_product_product': False}">
    <field name="value_ids" eval="[(6, 0, [ref('product_attribute_value_1'), ref('product_attribute_value_2'), ref('product_attribute_value_3'), ref('product_attribute_value_4')])]"/>
    <field name="attribute_id" ref="product_attribute_1"/>
    <field name="product_tmpl_id" ref="product_template_17"/>
  </record>
</odoo>
