<?xml version='1.0' encoding='UTF-8'?>
<odoo noupdate="1">
  <record id="project_project_1" model="project.project">
    <field name="name">Internal</field>
    <field name="stage_id" ref="project.project_project_stage_0"/>
    <field name="type_ids" eval="[(6, 0, [ref('hr_timesheet.internal_project_default_stage')])]"/>
    <field name="timesheet_product_id" eval="False"/>
    <field name="documents_folder_id" ref="documents_folder_9"/>
  </record>
  <record id="project_project_3" model="project.project" forcecreate="1">
    <field name="name">Project Template</field>
    <field name="allow_billable" eval="True"/>
    <field name="stage_id" ref="project.project_project_stage_2"/>
    <field name="type_ids" eval="[(6, 0, [ref('industry_fsm.planning_project_stage_0'), ref('industry_fsm.planning_project_stage_1'), ref('industry_fsm.planning_project_stage_2'), ref('industry_fsm.planning_project_stage_3'), ref('industry_fsm.planning_project_stage_4')])]"/>
    <field name="timesheet_product_id" ref="sale_timesheet.time_product"/>
    <field name="documents_folder_id" ref="documents_folder_11"/>
  </record>
  <record id="project_project_4" model="project.project" forcecreate="1">
    <field name="name">S00001 - VDK Project</field>
    <field name="allow_billable" eval="True"/>
    <field name="stage_id" ref="project.project_project_stage_1"/>
    <field name="type_ids" eval="[(6, 0, [ref('industry_fsm.planning_project_stage_0'), ref('industry_fsm.planning_project_stage_1'), ref('industry_fsm.planning_project_stage_2'), ref('industry_fsm.planning_project_stage_3'), ref('industry_fsm.planning_project_stage_4')])]"/>
    <field name="last_update_status">on_track</field>
    <field name="timesheet_product_id" ref="sale_timesheet.time_product"/>
    <field name="documents_folder_id" ref="documents_folder_12"/>
    <field name="allocated_hours">32.0</field>
  </record>
  <record id="project_project_8" model="project.project">
    <field name="name">S00004 - Project Template</field>
    <field name="allow_billable" eval="True"/>
    <field name="stage_id" ref="project.project_project_stage_0"/>
    <field name="type_ids" eval="[(6, 0, [ref('industry_fsm.planning_project_stage_0'), ref('industry_fsm.planning_project_stage_1'), ref('industry_fsm.planning_project_stage_2'), ref('industry_fsm.planning_project_stage_3'), ref('industry_fsm.planning_project_stage_4')])]"/>
    <field name="timesheet_product_id" ref="sale_timesheet.time_product"/>
    <field name="documents_folder_id" ref="documents_folder_17"/>
    <field name="allocated_hours">20.0</field>
  </record>
</odoo>
