<?xml version='1.0' encoding='UTF-8'?>
<odoo noupdate="1">
  <record id="project_task_type_2" model="project.task.type">
    <field name="name">Inbox</field>
  </record>
  <record id="project_task_type_3" model="project.task.type">
    <field name="name">Today</field>
    <field name="sequence">2</field>
  </record>
  <record id="project_task_type_4" model="project.task.type">
    <field name="name">This Week</field>
    <field name="sequence">3</field>
  </record>
  <record id="project_task_type_5" model="project.task.type">
    <field name="name">This Month</field>
    <field name="sequence">4</field>
  </record>
  <record id="project_task_type_6" model="project.task.type">
    <field name="name">Later</field>
    <field name="sequence">5</field>
  </record>
  <record id="project_task_type_7" model="project.task.type">
    <field name="name">Done</field>
    <field name="sequence">6</field>
    <field name="fold" eval="True"/>
  </record>
  <record id="project_task_type_8" model="project.task.type">
    <field name="name">Cancelled</field>
    <field name="sequence">7</field>
    <field name="fold" eval="True"/>
  </record>
  <record id="industry_fsm.planning_project_stage_1" model="project.task.type" forcecreate="1">
    <field name="name">Planned</field>
    <field name="sequence">5</field>
  </record>
  <record id="industry_fsm.planning_project_stage_2" model="project.task.type" forcecreate="1">
    <field name="name">In Progress</field>
    <field name="sequence">10</field>
  </record>
  <record id="industry_fsm.planning_project_stage_3" model="project.task.type" forcecreate="1">
    <field name="name">Done</field>
    <field name="sequence">20</field>
    <field name="fold" eval="True"/>
  </record>
  <record id="industry_fsm.planning_project_stage_4" model="project.task.type" forcecreate="1">
    <field name="name">Cancelled</field>
    <field name="sequence">25</field>
    <field name="fold" eval="True"/>
  </record>
  <record id="project_task_type_21" model="project.task.type">
    <field name="name">Inbox</field>
  </record>
  <record id="project_task_type_22" model="project.task.type">
    <field name="name">Today</field>
    <field name="sequence">2</field>
  </record>
  <record id="project_task_type_23" model="project.task.type">
    <field name="name">This Week</field>
    <field name="sequence">3</field>
  </record>
  <record id="project_task_type_24" model="project.task.type">
    <field name="name">This Month</field>
    <field name="sequence">4</field>
  </record>
  <record id="project_task_type_25" model="project.task.type">
    <field name="name">Later</field>
    <field name="sequence">5</field>
  </record>
  <record id="project_task_type_26" model="project.task.type">
    <field name="name">Done</field>
    <field name="sequence">6</field>
    <field name="fold" eval="True"/>
  </record>
  <record id="project_task_type_27" model="project.task.type">
    <field name="name">Cancelled</field>
    <field name="sequence">7</field>
    <field name="fold" eval="True"/>
  </record>
</odoo>
