<?xml version='1.0' encoding='UTF-8'?>
<odoo>
  <record id="stock_location_7" model="stock.location">
    <field name="name">WH</field>
    <field name="usage">view</field>
    <field name="location_id" ref="stock.stock_location_locations"/>
    <field name="complete_name">WH</field>
    <field name="warehouse_id" ref="stock.warehouse0"/>
    <field name="sequence">10</field>
  </record>
  <record id="stock.stock_location_stock" model="stock.location" forcecreate="1">
    <field name="name">Stock</field>
    <field name="replenish_location" eval="True"/>
    <field name="last_inventory_date">2024-07-18</field>
    <field name="location_id" ref="stock_location_7"/>
    <field name="complete_name">WH/Stock</field>
    <field name="warehouse_id" ref="stock.warehouse0"/>
    <field name="sequence">10</field>
    <field name="barcode">WHSTOCK</field>
  </record>
  <record id="stock_location_14" model="stock.location">
    <field name="name">Inventory adjustment</field>
    <field name="usage">inventory</field>
    <field name="location_id" ref="stock.stock_location_locations_virtual"/>
    <field name="complete_name">Virtual Locations/Inventory adjustment</field>
  </record>
  <record id="stock_location_15" model="stock.location">
    <field name="name">Production</field>
    <field name="usage">production</field>
    <field name="location_id" ref="stock.stock_location_locations_virtual"/>
    <field name="complete_name">Virtual Locations/Production</field>
  </record>
  <record id="stock_location_16" model="stock.location">
    <field name="name">Scrap</field>
    <field name="usage">inventory</field>
    <field name="scrap_location" eval="True"/>
    <field name="location_id" ref="stock.stock_location_locations_virtual"/>
    <field name="complete_name">Virtual Locations/Scrap</field>
  </record>
</odoo>
