<?xml version='1.0' encoding='UTF-8'?>
<odoo noupdate="1">
  <record id="hr.employee_admin" model="hr.employee" forcecreate="1">
    <field name="image_1920" type="base64" file="software_reseller/static/src/binary/hr_employee/1-image_1920"/>
    <field name="name">Casey Admin</field>
    <field name="department_id" ref="hr.dep_administration"/>
    <field name="job_title">Chief Executive Administrator</field>
    <field name="address_id" ref="base.main_partner"/>
    <field name="work_phone">+1 650-691-3277</field>
    <field name="work_contact_id" ref="base.partner_admin"/>
    <field name="work_email">casey.admin@yourcompany.example.com</field>
    <field name="user_id" ref="base.user_admin"/>
    <field name="hourly_cost">35.0</field>
  </record>
  <record id="hr_employee_4" model="hr.employee">
    <field name="image_1920" type="base64" file="software_reseller/static/src/binary/hr_employee/2-image_1920"/>
    <field name="name">David Miller</field>
    <field name="department_id" ref="hr_department_2"/>
    <field name="address_id" ref="base.main_partner"/>
    <field name="work_phone">+1 650-691-3277</field>
    <field name="work_contact_id" ref="res_partner_27"/>
    <field name="work_email">david.miller@yourcompany.example.com</field>
    <field name="parent_id" ref="hr.employee_admin"/>
    <field name="coach_id" ref="hr.employee_admin"/>
    <field name="hourly_cost">28.0</field>
    <field name="timesheet_manager_id" ref="base.user_admin"/>
  </record>
  <record id="hr_employee_5" model="hr.employee">
    <field name="image_1920" type="base64" file="software_reseller/static/src/binary/hr_employee/3-image_1920"/>
    <field name="name">Jessica Rodriguez</field>
    <field name="department_id" ref="hr_department_2"/>
    <field name="address_id" ref="base.main_partner"/>
    <field name="work_phone">+1 650-691-3277</field>
    <field name="work_contact_id" ref="res_partner_28"/>
    <field name="work_email">jessica.rodriguez@yourcompany.example.com</field>
    <field name="parent_id" ref="hr.employee_admin"/>
    <field name="coach_id" ref="hr.employee_admin"/>
    <field name="hourly_cost">24.0</field>
    <field name="timesheet_manager_id" ref="base.user_admin"/>
  </record>
  <record id="hr_employee_6" model="hr.employee">
    <field name="image_1920" type="base64" file="software_reseller/static/src/binary/hr_employee/5-image_1920"/>
    <field name="name">Robert Wilson</field>
    <field name="department_id" ref="hr_department_2"/>
    <field name="address_id" ref="base.main_partner"/>
    <field name="work_phone">+1 650-691-3277</field>
    <field name="work_contact_id" ref="res_partner_29"/>
    <field name="work_email">robert.wilson@yourcompany.example.com</field>
    <field name="parent_id" ref="hr.employee_admin"/>
    <field name="coach_id" ref="hr.employee_admin"/>
    <field name="hourly_cost">27.0</field>
    <field name="timesheet_manager_id" ref="base.user_admin"/>
  </record>
  <record id="hr_employee_2" model="hr.employee">
    <field name="image_1920" type="base64" file="software_reseller/static/src/binary/hr_employee/6-image_1920"/>
    <field name="name">Sarah Thompson</field>
    <field name="department_id" ref="hr_department_2"/>
    <field name="address_id" ref="base.main_partner"/>
    <field name="work_phone">+1 650-691-3277</field>
    <field name="work_contact_id" ref="res_partner_30"/>
    <field name="work_email">sarah.thompson@yourcompany.example.com</field>
    <field name="parent_id" ref="hr.employee_admin"/>
    <field name="coach_id" ref="hr.employee_admin"/>
    <field name="hourly_cost">32.0</field>
    <field name="timesheet_manager_id" ref="base.user_admin"/>
  </record>
</odoo>
