<?xml version='1.0' encoding='UTF-8'?>
<odoo noupdate="1">
  <record id="planning_slot_15" model="planning.slot">
    <field name="company_id" ref="base.main_company"/>
    <field name="sale_line_id" ref="sale_order_line_5"/>
    <field name="role_id" ref="planning_role_1"/>
  </record>
  <record id="planning_slot_17" model="planning.slot">
    <field name="company_id" ref="base.main_company"/>
    <field name="sale_line_id" ref="sale_order_line_4"/>
    <field name="start_datetime" model="hr.employee" eval="
        pytz.timezone(obj().env.user.tz or 'UTC').localize(
            DateTime.today().date() + relativedelta(weekday=3, hour=6) ).astimezone(pytz.UTC).replace(tzinfo=None)
    "/>
    <field name="end_datetime" model="hr.employee" eval="
        pytz.timezone(obj().env.user.tz or 'UTC').localize(
            DateTime.today().date() + relativedelta(weekday=3, hour=15) ).astimezone(pytz.UTC).replace(tzinfo=None)
    "/>
    <field name="role_id" ref="planning_role_1"/>
    <field name="state">published</field>
  </record>
  <record id="planning_slot_9" model="planning.slot">
    <field name="company_id" ref="base.main_company"/>
    <field name="sale_line_id" ref="sale_order_line_5"/>
    <field name="start_datetime" model="hr.employee" eval="
        pytz.timezone(obj().env.user.tz or 'UTC').localize(
            DateTime.today().date() + relativedelta(weekday=3, hour=6) ).astimezone(pytz.UTC).replace(tzinfo=None)
    "/>
    <field name="end_datetime" model="hr.employee" eval="
        pytz.timezone(obj().env.user.tz or 'UTC').localize(
            DateTime.today().date() + relativedelta(weekday=3, hour=15) ).astimezone(pytz.UTC).replace(tzinfo=None)
    "/>
    <field name="role_id" ref="planning_role_1"/>
    <field name="state">published</field>
  </record>
  <record id="planning_slot_12" model="planning.slot">
    <field name="company_id" ref="base.main_company"/>
    <field name="sale_line_id" ref="sale_order_line_4"/>
    <field name="start_datetime" model="hr.employee" eval="
        pytz.timezone(obj().env.user.tz or 'UTC').localize(
            DateTime.today().date() + relativedelta(weekday=3, hour=6) ).astimezone(pytz.UTC).replace(tzinfo=None)
    "/>
    <field name="end_datetime" model="hr.employee" eval="
        pytz.timezone(obj().env.user.tz or 'UTC').localize(
            DateTime.today().date() + relativedelta(weekday=3, hour=15) ).astimezone(pytz.UTC).replace(tzinfo=None)
    "/>
    <field name="role_id" ref="planning_role_1"/>
    <field name="state">published</field>
  </record>
</odoo>
