<?xml version='1.0' encoding='UTF-8'?>
<odoo noupdate="1">
    <record id="product_product_1" model="product.product">
        <field name="service_to_purchase" eval="True"/>
        <field name="seller_ids" eval="[(6, 0, [ref('product_supplierinfo_3')])]"/>
    </record>
    <record id="product_product_2" model="product.product">
        <field name="service_to_purchase" eval="True"/>
        <field name="seller_ids" eval="[(6, 0, [ref('product_supplierinfo_1')])]"/>
    </record>
    <record id="product_product_3" model="product.product">
        <field name="service_to_purchase" eval="True"/>
        <field name="seller_ids" eval="[(6, 0, [ref('product_supplierinfo_2')])]"/>
    </record>
</odoo>
