<?xml version='1.0' encoding='UTF-8'?>
<odoo noupdate="1">
  <record id="product_supplierinfo_1" model="product.supplierinfo">
    <field name="partner_id" ref="res_partner_35"/>
    <field name="product_id" ref="product_product_2"/>
    <field name="price">200.0</field>
  </record>
  <record id="product_supplierinfo_2" model="product.supplierinfo">
    <field name="partner_id" ref="res_partner_31"/>
    <field name="product_id" ref="product_product_3"/>
    <field name="price">238.0</field>
  </record>
  <record id="product_supplierinfo_3" model="product.supplierinfo">
    <field name="partner_id" ref="res_partner_31"/>
    <field name="product_id" ref="product_product_1"/>
    <field name="price">4400.0</field>
  </record>
</odoo>
