<?xml version='1.0' encoding='UTF-8'?>
<odoo noupdate="1">
  <record id="project_task_5" model="project.task">
    <field name="name">S00001 - Odoo EE License</field>
    <field name="project_id" ref="project_project_2"/>
    <field name="stage_id" ref="project_task_type_2"/>
    <field name="state">02_changes_requested</field>
    <field name="date_assign" eval="DateTime.today()"/>
    <field name="date_deadline" eval="DateTime.today().strftime('%Y-%m-%d  7:00:00')"/>
    <field name="user_ids" eval="[(6, 0, [ref('base.user_admin')])]"/>
    <field name="partner_id" ref="res_partner_22"/>
    <field name="sale_line_id" ref="sale_order_line_1"/>
    <field name="x_users">3</field>
    <field name="x_hosted_on">On premise</field>
    <field name="x_version">18.3</field>
  </record>
  <record id="project_task_10" model="project.task">
    <field name="name">S00003 - Oracle Database License</field>
    <field name="project_id" ref="project_project_3"/>
    <field name="stage_id" ref="project_task_type_2"/>
    <field name="date_assign" eval="DateTime.today()"/>
    <field name="date_deadline" eval="DateTime.today().strftime('%Y-%m-%d  8:00:00')"/>
    <field name="user_ids" eval="[(6, 0, [ref('base.user_admin')])]"/>
    <field name="partner_id" ref="res_partner_24"/>
    <field name="sale_line_id" ref="sale_order_line_8"/>
    <field name="x_users">12</field>
    <field name="x_environment">Production</field>
    <field name="x_version">20.0.1</field>
  </record>
  <record id="project_task_9" model="project.task">
    <field name="name">S00002 - Odoo EE License</field>
    <field name="description"><![CDATA[<p>Odoo EE License</p>]]></field>
    <field name="project_id" ref="project_project_2"/>
    <field name="stage_id" ref="project_task_type_2"/>
    <field name="date_assign" eval="DateTime.today()"/>
    <field name="date_deadline" eval="DateTime.today().strftime('%Y-%m-%d  9:00:00')"/>
    <field name="user_ids" eval="[(6, 0, [ref('base.user_admin')])]"/>
    <field name="partner_id" ref="res_partner_23"/>
    <field name="sale_line_id" ref="sale_order_line_7"/>
    <field name="x_users">10</field>
    <field name="x_hosted_on">Odoo.sh</field>
    <field name="x_version">18.0</field>
  </record>
  <record id="project_task_11" model="project.task">
    <field name="name">S00004 - Java EE License</field>
    <field name="project_id" ref="project_project_1"/>
    <field name="stage_id" ref="project_task_type_1"/>
    <field name="allocated_hours">5.0</field>
    <field name="partner_id" ref="res_partner_26"/>
    <field name="sale_line_id" ref="sale_order_line_9"/>
  </record>
  <record id="project_task_8" model="project.task">
    <field name="name">S00002 - Consulting Services</field>
    <field name="description"><![CDATA[<p>Training &amp; Support</p>]]></field>
    <field name="project_id" ref="project_project_4"/>
    <field name="stage_id" ref="project_task_type_20"/>
    <field name="allocated_hours">80.0</field>
    <field name="partner_id" ref="res_partner_23"/>
    <field name="sale_line_id" ref="sale_order_line_5"/>
  </record>
  <record id="project_task_7" model="project.task">
    <field name="name">S00002 - Consulting Services</field>
    <field name="description"><![CDATA[<p>Odoo Configuration</p>]]></field>
    <field name="project_id" ref="project_project_4"/>
    <field name="stage_id" ref="project_task_type_20"/>
    <field name="allocated_hours">80.0</field>
    <field name="partner_id" ref="res_partner_23"/>
    <field name="sale_line_id" ref="sale_order_line_4"/>
  </record>
  <record id="project_task_6" model="project.task">
    <field name="name">S00002 - Consulting Services</field>
    <field name="description"><![CDATA[<p>Business Needs analysis</p>]]></field>
    <field name="project_id" ref="project_project_4"/>
    <field name="stage_id" ref="project_task_type_22"/>
    <field name="date_assign" eval="DateTime.today()"/>
    <field name="user_ids" eval="[(6, 0, [ref('base.user_admin')])]"/>
    <field name="allocated_hours">40.0</field>
    <field name="partner_id" ref="res_partner_23"/>
    <field name="sale_line_id" ref="sale_order_line_3"/>
  </record>
</odoo>
