<?xml version='1.0' encoding='UTF-8'?>
<odoo noupdate="1">
  <record id="purchase_order_line_4" model="purchase.order.line">
    <field name="product_id" ref="product_product_2"/>
    <field name="order_id" ref="purchase_order_4"/>
    <field name="product_qty">5.0</field>
    <field name="sale_line_id" ref="sale_order_line_9"/>
  </record>
  <record id="purchase_order_line_3" model="purchase.order.line">
    <field name="product_id" ref="product_product_1"/>
    <field name="order_id" ref="purchase_order_3"/>
    <field name="product_qty">12.0</field>
    <field name="sale_line_id" ref="sale_order_line_8"/>
  </record>
  <record id="purchase_order_line_2" model="purchase.order.line">
    <field name="product_id" ref="product_product_3"/>
    <field name="order_id" ref="purchase_order_2"/>
    <field name="product_qty">10.0</field>
    <field name="sale_line_id" ref="sale_order_line_7"/>
  </record>
  <record id="purchase_order_line_1" model="purchase.order.line">
    <field name="product_id" ref="product_product_3"/>
    <field name="order_id" ref="purchase_order_1"/>
    <field name="product_qty">3.0</field>
    <field name="sale_line_id" ref="sale_order_line_1"/>
  </record>
</odoo>
