<?xml version='1.0' encoding='UTF-8'?>
<odoo noupdate="1">
  <record id="purchase_order_4" model="purchase.order">
    <field name="partner_id" ref="res_partner_35"/>
    <field name="user_id" ref="base.user_admin"/>
    <field name="reminder_date_before_receipt">1</field>
    <field name="project_id" ref="project_project_1"/>
  </record>
  <record id="purchase_order_3" model="purchase.order">
    <field name="partner_id" ref="res_partner_31"/>
    <field name="user_id" ref="base.user_admin"/>
    <field name="reminder_date_before_receipt">1</field>
    <field name="project_id" ref="project_project_3"/>
  </record>
  <record id="purchase_order_2" model="purchase.order">
    <field name="partner_id" ref="res_partner_31"/>
    <field name="user_id" ref="base.user_admin"/>
    <field name="reminder_date_before_receipt">1</field>
    <field name="project_id" ref="project_project_4"/>
  </record>
  <record id="purchase_order_1" model="purchase.order">
    <field name="partner_id" ref="res_partner_31"/>
    <field name="user_id" ref="base.user_admin"/>
    <field name="reminder_date_before_receipt">1</field>
    <field name="project_id" ref="project_project_2"/>
  </record>
</odoo>
