<?xml version='1.0' encoding='UTF-8'?>
<odoo noupdate="1">
  <record id="res_partner_35" model="res.partner">
    <field name="image_1920" type="base64" file="software_reseller/static/src/binary/res_partner/8-image_1920"/>
    <field name="name">Fifth Company</field>
    <field name="country_id" ref="base.be"/>
    <field name="street">Rue Paul Reuter 8</field>
    <field name="zip">6700</field>
    <field name="city">Arlon</field>
    <field name="is_company" eval="True"/>
  </record>
  <record id="res_partner_26" model="res.partner">
    <field name="image_1920" type="base64" file="software_reseller/static/src/binary/res_partner/9-image_1920"/>
    <field name="name">John Smith</field>
    <field name="parent_id" ref="res_partner_35"/>
    <field name="user_id" ref="base.user_admin"/>
    <field name="country_id" ref="base.be"/>
    <field name="street">Rue Paul Reuter 8</field>
    <field name="zip">6700</field>
    <field name="city">Arlon</field>
    <field name="email">john.smith@fifth.example.com</field>
  </record>
  <record id="res_partner_31" model="res.partner">
    <field name="image_1920" type="base64" file="software_reseller/static/src/binary/res_partner/10-image_1920"/>
    <field name="name">First Company</field>
    <field name="country_id" ref="base.be"/>
    <field name="street">Rue du Laid Burniat 5</field>
    <field name="zip">1348</field>
    <field name="city">Ottignies-Louvain-la-Neuve</field>
    <field name="is_company" eval="True"/>
  </record>
  <record id="res_partner_21" model="res.partner">
    <field name="image_1920" type="base64" file="software_reseller/static/src/binary/res_partner/11-image_1920"/>
    <field name="name">Amanda White</field>
    <field name="parent_id" ref="res_partner_31"/>
    <field name="country_id" ref="base.be"/>
    <field name="street">Rue du Laid Burniat 5</field>
    <field name="zip">1348</field>
    <field name="city">Ottignies-Louvain-la-Neuve</field>
    <field name="email">amanda.white@first.example.com</field>
  </record>
  <record id="res_partner_34" model="res.partner">
    <field name="image_1920" type="base64" file="software_reseller/static/src/binary/res_partner/12-image_1920"/>
    <field name="name">Fourth Company</field>
    <field name="country_id" ref="base.us"/>
    <field name="street">40 Fountain Plaza</field>
    <field name="street2">Suite 1200</field>
    <field name="zip">14202</field>
    <field name="city">Buffalo</field>
    <field name="state_id" ref="base.state_us_27"/>
    <field name="is_company" eval="True"/>
  </record>
  <record id="res_partner_24" model="res.partner">
    <field name="image_1920" type="base64" file="software_reseller/static/src/binary/res_partner/13-image_1920"/>
    <field name="name">Emily Johnson</field>
    <field name="parent_id" ref="res_partner_34"/>
    <field name="user_id" ref="base.user_admin"/>
    <field name="country_id" ref="base.us"/>
    <field name="street">40 Fountain Plaza</field>
    <field name="street2">Suite 1200</field>
    <field name="zip">14202</field>
    <field name="city">Buffalo</field>
    <field name="state_id" ref="base.state_us_27"/>
    <field name="email">emily.johnson@fourth.example.com</field>
  </record>
  <record id="res_partner_25" model="res.partner">
    <field name="image_1920" type="base64" file="software_reseller/static/src/binary/res_partner/14-image_1920"/>
    <field name="name">Jessica Martinez</field>
    <field name="country_id" ref="base.be"/>
    <field name="street">Chaussée de Namur 40</field>
    <field name="zip">1367</field>
    <field name="city">Grand-Rosière</field>
    <field name="email">jessica.martinez@b2c.example.com</field>
  </record>
  <record id="res_partner_27" model="res.partner">
    <field name="image_1920" type="base64" file="software_reseller/static/src/binary/res_partner/15-image_1920"/>
    <field name="name">Lisa Anderson</field>
    <field name="country_id" ref="base.es"/>
    <field name="street">Avda Cortes Valencianas, s/n portal 58</field>
    <field name="zip">46015</field>
    <field name="city">Valencia</field>
    <field name="email">lisa.anderson@b2c.example.com</field>
  </record>
  <record id="res_partner_37" model="res.partner">
    <field name="image_1920" type="base64" file="software_reseller/static/src/binary/res_partner/16-image_1920"/>
    <field name="name">Mike Brown</field>
    <field name="country_id" ref="base.be"/>
    <field name="street">Rue Brederode 16</field>
    <field name="zip">1000</field>
    <field name="city">Bruxelles</field>
    <field name="email">mike.brown@b2c.example.com</field>
  </record>
  <record id="base.main_partner" model="res.partner" forcecreate="1">
    <field name="image_1920" type="base64" file="software_reseller/static/src/binary/res_partner/1-image_1920"/>
    <field name="name">MyCompany</field>
    <field name="country_id" ref="base.be"/>
    <field name="website">http://odoo.com</field>
    <field name="street">Rue des Bourlottes 9</field>
    <field name="zip">1367</field>
    <field name="city">Ramillies</field>
    <field name="email">hello@yourcompany.example.com</field>
    <field name="phone">+1 650-691-3277</field>
    <field name="is_company" eval="True"/>
  </record>
  <record id="res_partner_36" model="res.partner">
    <field name="image_1920" type="base64" file="software_reseller/static/src/binary/res_partner/27-image_1920"/>
    <field name="name">David Miller</field>
    <field name="parent_id" ref="base.main_partner"/>
    <field name="country_id" ref="base.be"/>
    <field name="employee" eval="True"/>
    <field name="street">Rue des Bourlottes 9</field>
    <field name="zip">1367</field>
    <field name="city">Ramillies</field>
    <field name="email">david.miller@yourcompany.example.com</field>
    <field name="company_id" ref="base.main_company"/>
  </record>
  <record id="res_partner_28" model="res.partner">
    <field name="image_1920" type="base64" file="software_reseller/static/src/binary/res_partner/28-image_1920"/>
    <field name="name">Jessica Rodriguez</field>
    <field name="parent_id" ref="base.main_partner"/>
    <field name="country_id" ref="base.be"/>
    <field name="employee" eval="True"/>
    <field name="street">Rue des Bourlottes 9</field>
    <field name="zip">1367</field>
    <field name="city">Ramillies</field>
    <field name="email">jessica.rodriguez@yourcompany.example.com</field>
    <field name="company_id" ref="base.main_company"/>
  </record>
  <record id="res_partner_29" model="res.partner">
    <field name="image_1920" type="base64" file="software_reseller/static/src/binary/res_partner/29-image_1920"/>
    <field name="name">Robert Wilson</field>
    <field name="parent_id" ref="base.main_partner"/>
    <field name="country_id" ref="base.be"/>
    <field name="employee" eval="True"/>
    <field name="street">Rue des Bourlottes 9</field>
    <field name="zip">1367</field>
    <field name="city">Ramillies</field>
    <field name="email">robert.wilson@yourcompany.example.com</field>
    <field name="company_id" ref="base.main_company"/>
  </record>
  <record id="res_partner_39" model="res.partner">
    <field name="image_1920" type="base64" file="software_reseller/static/src/binary/res_partner/30-image_1920"/>
    <field name="name">Sarah Thompson</field>
    <field name="parent_id" ref="base.main_partner"/>
    <field name="country_id" ref="base.be"/>
    <field name="employee" eval="True"/>
    <field name="street">Rue des Bourlottes 9</field>
    <field name="zip">1367</field>
    <field name="city">Ramillies</field>
    <field name="email">sarah.thompson@yourcompany.example.com</field>
    <field name="company_id" ref="base.main_company"/>
  </record>
  <record id="res_partner_38" model="res.partner">
    <field name="image_1920" type="base64" file="software_reseller/static/src/binary/res_partner/17-image_1920"/>
    <field name="name">Sarah Davis</field>
    <field name="country_id" ref="base.be"/>
    <field name="street">Avenue de Miramar 11</field>
    <field name="zip">1000</field>
    <field name="city">Bruxelles</field>
    <field name="email">sarah.davis@b2c.example.com</field>
  </record>
  <record id="res_partner_32" model="res.partner">
    <field name="image_1920" type="base64" file="software_reseller/static/src/binary/res_partner/18-image_1920"/>
    <field name="name">Second Company</field>
    <field name="country_id" ref="base.be"/>
    <field name="street">Roderverldlaan 3</field>
    <field name="zip">2600</field>
    <field name="city">Antwerpen</field>
    <field name="is_company" eval="True"/>
  </record>
  <record id="res_partner_22" model="res.partner">
    <field name="image_1920" type="base64" file="software_reseller/static/src/binary/res_partner/19-image_1920"/>
    <field name="name">Chris Taylor</field>
    <field name="parent_id" ref="res_partner_32"/>
    <field name="user_id" ref="base.user_admin"/>
    <field name="country_id" ref="base.be"/>
    <field name="function">Purchase Manager</field>
    <field name="street">Roderverldlaan 3</field>
    <field name="zip">2600</field>
    <field name="city">Antwerpen</field>
    <field name="email">chris.taylor@second.example.com</field>
  </record>
  <record id="res_partner_30" model="res.partner">
    <field name="image_1920" type="base64" file="software_reseller/static/src/binary/res_partner/20-image_1920"/>
    <field name="name">Tom Wilson</field>
    <field name="parent_id" ref="res_partner_32"/>
    <field name="country_id" ref="base.be"/>
    <field name="function">Sales Manager</field>
    <field name="street">Roderverldlaan 3</field>
    <field name="zip">2600</field>
    <field name="city">Antwerpen</field>
    <field name="email">tom.wilson@second.example.com</field>
  </record>
  <record id="res_partner_33" model="res.partner">
    <field name="image_1920" type="base64" file="software_reseller/static/src/binary/res_partner/21-image_1920"/>
    <field name="name">Third Company</field>
    <field name="country_id" ref="base.be"/>
    <field name="street">Rue de Ramilies 1</field>
    <field name="zip">1367</field>
    <field name="city">Ramilies</field>
    <field name="is_company" eval="True"/>
  </record>
  <record id="res_partner_23" model="res.partner">
    <field name="image_1920" type="base64" file="software_reseller/static/src/binary/res_partner/22-image_1920"/>
    <field name="name">David Lee</field>
    <field name="parent_id" ref="res_partner_33"/>
    <field name="user_id" ref="base.user_admin"/>
    <field name="country_id" ref="base.be"/>
    <field name="street">Rue de Ramilies 1</field>
    <field name="zip">1367</field>
    <field name="city">Ramilies</field>
    <field name="email">david.lee@third.example.com</field>
  </record>
  <record id="res_partner_19" model="res.partner">
    <field name="image_1920" type="base64" file="software_reseller/static/src/binary/res_partner/23-image_1920"/>
    <field name="name">YourCompany</field>
    <field name="country_id" ref="base.be"/>
    <field name="street">Avenue des déportés 48</field>
    <field name="zip">1367</field>
    <field name="city">Ramillies</field>
    <field name="email">hello@yourcompany.example.com</field>
    <field name="phone">+32 123456789</field>
    <field name="is_company" eval="True"/>
  </record>
</odoo>
