<?xml version='1.0' encoding='UTF-8'?>
<odoo noupdate="1">
  <record id="sale_order_line_9" model="sale.order.line">
    <field name="order_id" ref="sale_order_4"/>
    <field name="product_id" ref="product_product_2"/>
    <field name="product_uom_qty">5.0</field>
  </record>
  <record id="sale_order_line_8" model="sale.order.line">
    <field name="order_id" ref="sale_order_3"/>
    <field name="product_id" ref="product_product_1"/>
    <field name="product_uom_qty">12.0</field>
  </record>
  <record id="sale_order_line_2" model="sale.order.line">
    <field name="order_id" ref="sale_order_2"/>
    <field name="sequence">-99</field>
    <field name="display_type">line_section</field>
    <field name="name"><![CDATA[Implementation Services]]></field>
    <field name="product_uom_qty" eval="False"/>
  </record>
  <record id="sale_order_line_3" model="sale.order.line">
    <field name="order_id" ref="sale_order_2"/>
    <field name="product_id" ref="product_product_7"/>
    <field name="product_uom_qty">5.0</field>
  </record>
  <record id="sale_order_line_4" model="sale.order.line">
    <field name="order_id" ref="sale_order_2"/>
    <field name="product_id" ref="product_product_7"/>
    <field name="product_uom_qty">10.0</field>
  </record>
  <record id="sale_order_line_5" model="sale.order.line">
    <field name="order_id" ref="sale_order_2"/>
    <field name="product_id" ref="product_product_7"/>
    <field name="product_uom_qty">10.0</field>
  </record>
  <record id="sale_order_line_6" model="sale.order.line">
    <field name="order_id" ref="sale_order_2"/>
    <field name="display_type">line_section</field>
    <field name="name"><![CDATA[Licenses]]></field>
    <field name="product_uom_qty" eval="False"/>
  </record>
  <record id="sale_order_line_7" model="sale.order.line">
    <field name="order_id" ref="sale_order_2"/>
    <field name="product_id" ref="product_product_3"/>
    <field name="product_uom_qty">10.0</field>
  </record>
  <record id="sale_order_line_1" model="sale.order.line">
    <field name="order_id" ref="sale_order_1"/>
    <field name="product_id" ref="product_product_3"/>
    <field name="product_uom_qty">3.0</field>
  </record>
</odoo>
