<?xml version='1.0' encoding='UTF-8'?>
<odoo noupdate="1">
  <record id="sale_order_4" model="sale.order">
    <field name="partner_id" ref="res_partner_26"/>
    <field name="user_id" ref="base.user_admin"/>
    <field name="plan_id" ref="sale_subscription_plan_2"/>
    <field name="close_reason_id" ref="sale_subscription.close_reason_unpaid_subscription"/>
    <field name="starred_user_ids" eval="[(6, 0, [ref('base.user_admin')])]"/>
    <field name="project_id" ref="project_project_1"/>
  </record>
  <record id="sale_order_3" model="sale.order">
    <field name="partner_id" ref="res_partner_24"/>
    <field name="user_id" ref="base.user_admin"/>
    <field name="plan_id" ref="sale_subscription.subscription_plan_year"/>
    <field name="close_reason_id" ref="sale_subscription.close_reason_unpaid_subscription"/>
    <field name="starred_user_ids" eval="[(6, 0, [ref('base.user_admin')])]"/>
    <field name="project_id" ref="project_project_3"/>
  </record>
  <record id="sale_order_2" model="sale.order">
    <field name="partner_id" ref="res_partner_23"/>
    <field name="sale_order_template_id" ref="sale_order_template_1"/>
    <field name="user_id" ref="base.user_admin"/>
    <field name="plan_id" ref="sale_subscription_plan_1"/>
    <field name="close_reason_id" ref="sale_subscription.close_reason_unpaid_subscription"/>
    <field name="starred_user_ids" eval="[(6, 0, [ref('base.user_admin')])]"/>
    <field name="project_id" ref="project_project_4"/>
  </record>
  <record id="sale_order_1" model="sale.order">
    <field name="partner_id" ref="res_partner_22"/>
    <field name="user_id" ref="base.user_admin"/>
    <field name="plan_id" ref="sale_subscription.subscription_plan_year"/>
    <field name="starred_user_ids" eval="[(6, 0, [ref('base.user_admin')])]"/>
    <field name="project_id" ref="project_project_2"/>
  </record>
</odoo>
