<?xml version='1.0' encoding='UTF-8'?>
<odoo noupdate="1">
    <record id="base.user_admin" model="res.users" forcecreate="0">
        <field name="image_1920" type="base64" file="base_industry_data/static/src/binary/res_users/1-image_1920"/>
        <field name="notification_type">inbox</field>
    </record>
    <record id="res_users_7" model="res.users">
        <field name="name">Michael Demo</field>
        <field name="image_1920" type="base64" file="base_industry_data/static/src/binary/res_users/4-image_1920"/>
        <field name="login">michael.demo@yourcompany.example.com</field>
        <field name="notification_type">inbox</field>
    </record>
    <record id="res_users_8" model="res.users">
        <field name="name">Lee Portal</field>
        <field name="login">lee.portal@yourcompany.example.com</field>
        <field name="signature"><![CDATA[<p>Lee Portal</p>]]></field>
        <field name="group_ids" eval="[(6, 0, [ref('base.group_portal')])]"/>
        <field name="image_1920" type="base64" file="base_industry_data/static/src/binary/res_users/7-image_1920.png"/>
    </record>
</odoo>
